"group","VPNr","MatrixNDRTsFreitext.0.","MatrixNDRTsFreitext.1.","MatrixNDRTsFreitext.2.","MatrixNDRTsFreitext.3.","MatrixNDRTsFreitext.4.","MatrixNDRTsFreitext.5.","OptionalAnmerkungenW","OptionalAnderesVerha","KommentareStudie.x","KommentareFahrt","KommentareFahrtManue","ManuellNotizProband","ManuellNotizFahrt","HOnNotizProband","HOnNotizFahrt","HOffNotizProband","HOffNotizFahrt","SonstigeAnmerkungen","FahrerInitierteTrans","SysteminitierteTrans","DMS","HMI","Geschwindigkeit","Systemverhalten","AnmerkungenBewertung","KommentareL2","KommentareStudie.y"
"L0",1,"","","","","","","","weniger Interaktion mit dem Tablet. Tablet/Handy würde nur in Ausnahmen benutzt werden. Fahrfremde Tätigkeiten eher: Essen, Trinken, telefonieren (ueber Freisprecheinrichtung)","","","","","fährt häufig schneller als Geschwindigkeitslimits, Szenario 2 nicht erkannt, Szenario 1, 3, 5, 6, 7 erkannt, Baustelle: Notbremsung kurzzeitig ausgelöst, da noch nicht vollständig auf linker Fahrspur, kommt manchmal von der Fahrbahn ab, Pannenfahrzeug erkannt und nach links","","","","","","Baustelle recht früh erkannt, Priorisierung der Lenkaufgabe, Panne erst spät erkannt, vorallem durch Licht","","","Tempolimits erst ab Geschwindigkeitsschild","","","","","sehr sensibles Lenkrad, Bremse sehr schwergängig"
"L2 H-off",3,"","","","","","","","","Sehr gut gemacht :)","Es war eine Challenge die Fragen zu lesen und gleichzeitig den Verkehr zu beachten, aber das war auch interessant.","","","","","","nur kurze Blicke auf NDRT, Genervtheit, danach ""Lernmodus"", immer kurze Blicke zur Fahrbahn, um Warnmeldung zu deaktivieren. Szenario 2 nicht erkannt, ab min 20 m7 2000 kurze Phasen mit nur Aufmerksamkeit zum Fahrgeschehen, Müdigkeit, Szenario 4 erkannt, auf linke Spur gewechselt, kurze Aktivierung des Notbremsassistanten, Frust, Szenario 6 nicht erkannt, Ungeduld, Gegen Ende der Fahrt hauptsächlich Fahrbeobachtung, Szenario 8 nicht erkannt, Notbremsung bis Stillstand","vorbeifahrende Autos sehr laut, durch Kalibrierung teils rechte Windschutzscheibe als Tablet wahrgenommen","","abgelenkt bei Pannenfahrzeug, nicht realisiert, dass es Notbremsung war, gebremst zusätzlich, da Verkehr nicht im Blick","Baustelle erkannt, kurze Einblendung der Notbremsung bei Baustelle nicht realisiert, zu sehr auf das System verlassen","ab und zu nervig, aber wichtig, hat System verstanden","Schrift zu klein, auch bei Notbremsung, eher auf Ton reagiert (immer)","zu langsam beschleunigt, siehe oben (2,6 nicht erkannt)","zu weit rechts von der Fahrbahn durch Automation","","",""
"L0",4,"","","","","","","","- weniger Interaktion mit Tablet
- mehr Fokus auf Verkehr ","","","- recht lange Fahrt im Manuellen Betrieb
- aufgrund Schlafmangel heute recht müde gewesen, evtl auch weniger Aufmerksamkeit deswegen","fährt teilweise sehr viel langsamer als erlaubt, kommt sehr oft von Fahrbahn ab (nach rechts, teilweise auch links) auf Standstreifen und weiter, wenn mit NDRT beschäftigt, teilweise falsche Fahrbahn gefahren, kitisch für NDRT Anreiz, Szenario 3 erkannt, teilweise Fahrt auf Standspur, Szenario 4 erkannt, auf linke Seite gewechselt, ganz kurz Notbremsassistant aktiv,  teilweise nur 65-70 km/h auf der Autobahn, Notbremsung bei Pannenfahrzeug","","","","","","Autos fahren durch Baustelle, Proband musste diese überholen, bei Pannenfahrzeug fährt vorerfahrzeug in Pannenfahrzeug rein","Notbremsung sehr wichtig, alle 10-20 sec aufmerksamer geschaut, Baustelle dadurch erkannt, bei Kurven auf Standspur, einmal irritiert durch Fahrverhalten von hinterem Fahrzeug, Proband war müde (Müdigkeitserkennung bzw Spurhalteassistant), ","","","nicht mehr drauf geachtet, wann Geschwindigkeitsschild eingeblendet wurde, Totwinkelwarnungen wären praktisch","durch Langsamfahrt kein Handlung notwendig","","","","Fahrt war recht lange, anstrengend"
"L2 H-on",5,"","","","","","","","","","","","","","meiste Konzentration auf NDRT, dazwischen kurze Blicke auf die Straße, Szenario 2 nicht erkannt, Szenario 4 erkannt, frühzeitig nach links gelenkt ohne Notbremsung, Anspannung, Szenario 6 nicht erkannt, Stirnrunzeln, Szenario 8 erkannt, gebremst und nach links","","","","","Bei Baustelle im Augenblick erkannt und dann übernommen, Pannenfahrzeug selbständig erkannt und früher als Notbremsung gebremst","","Hand war stets am Lenkrad ","alles klar","hat Proband nicht erkannt (fehlerhafte), man bekommt die Geschwindigkeitsreduzierungen nicht wirklich mit (fahrdynamisch) ","keine Vorkommnisse","","",""
"L2 H-off",6,"","","","","","","","Ich hätte nicht solch lange Texte wie in der Tätigkeit gelesen. Diese lenken dann zu sehr ab. Kürzere WhatsApps eher","","","","","","","","abwechselnd NDRT und Blick aufs Fahrgeschehen, etwas angespannt, kurzer Blick von NDRT zur Straße vor der ersten Warnstufe, um diese zu verhindern, Szenario 2 erst spät erkannt, dann kurze manuelle Fahrt, Szenario 4 erkannt und vor Notbremsung nach links gewechselt, Müdigkeit, Langeweile, Szenario 6 erkannt, selbstständig gebremst, ab 120 km/h wieder Automation, Pannenfahrzeug erkannt, abgebremst und nach links gelenkt","","","Eine Hand trotzdem oft am Lenkrad, immer wieder auf die Straße geschaut, aber nur kurz","","Warnlimit zeitlich erkannt, Zeitlimit schon nervig, aber sehr sinnvoll, vorallem Alarmton und LenkradLED ausschlaggebend für Aufmerksamkeit","","bei erster fehlerhaften Geschwindigkeitssituation spät erkannt, manuell gebremst, bei zweiten Situation frühzeitig erkannt und selbst gebremst, Proband hat bei normaen Geschw. änderungen überwacht und hätte sonst selbst gebremst durch Vorkenntnisse davor","","Hat alle Situationen erkannt","teilweise geraten bei Tablet",""
"L0",7,"","","","","","","","ich hätte nicht diesen Text aufmerksam durchlesen können, um Fragen zu beantworten. Der Augenkontakt lag zu lange auf dem Tablett","","","sehr gefährlich im echten Straßenverkehr","schlechte Kalibrierung, nur kurze Blicke zum NDRT, Szenario 4 gut antizipiert und nach links gelenkt ohne Notbremsung, teilweise Schlangenlinien, Szenario 5 erkannt, ab etwa min 30 größtenteils Aufmerksamkeit auf Straße, Szenario 6, 7 erkannt, Szenario 8 nicht erkannt, Notbremsung, dann nach links gewechselt","","","","","","","Geschwindigkeitslimits alle erkannt und gehandelt, Baustelle sofort erkannt und auf linke Spur gewechselt, Proband hat Pannenfahrzeug nicht erkannt","","","generell wäre Navigation nicht schlecht gewesen, Streckeninformation wäre auch gut","alle erkannt","","","","anderes Geschwindigkeitsgefühl"
"L2 H-on",8,"","","","Brille wechseln","","","Die Warnmeldung zum stehenden Fahrzeug auf der Fahrspur war relativ kurzfristig, wenn man beachtet, dass ich eine Tätigkeit nebenbei hatte.","Weniger auf die Tätigkeit konzentriert, dafür mehr auf das Fahrgeschehen","","","","","","Konzentration auf NDRT, schlechte Kalibrierung, Szenario 2 erkannt, manuelles Abbremsen auf 100km/h, ab 120 km/h Schild wieder Automation, angestrengt, Szenario 4 erkannt, nach links gezogen, sehr kurz Notbremsung aktiv, Proband hat Fahrzeuge, die ihn rechts in der Baustelle überholt haben, wieder überholt, Szenario 6 nicht erkannt, Szenario 8 nicht erkannt, Notbremsung, dann nach links gelenkt.","","","","Autos von links sind rechts in der Baustelle durchgefahren","Baustelle relativ früh erkannt, bei 200m links rüberziehen, Notbremsung sehr hilfreich, Proband hätte lieber angehalten nach rechts auf den Standstreifen, Warnung war zu kurz, wenn man eine Tätigkeit gemacht hätte","","paarmal, wenn Spurwechsel und Autos überholen und Automation aktiv, dann kurzzeitig Hände vom Lenkrad, ansonsten Hände nur am Lenkrad, damit Warnung nicht ausgelöst wird","LED Leuchten und Ton ausschlaggebend","Szenario 2 nicht erkannt, Fahrverhalten ansprechend","eigenständiger Spurwechsel wäre ideal, recht hohe Lenkeingriffe beim Aktivieren der Automation","Querführung im privaten Fahrzeug kommt auf ""Aggressivität"" der Lenkwiderstände","",""
"L2 H-off",9,"","","","","","","Warnmeldung kommt auch wenn man länger in der Seitenspiegel links schaut","weniger abgelenkt, mehr nach vorne geschaut","Gas geben, kein Feedback über wie stark man Gas gibt
Kein haptisches Feedback wenn man weisse Fahrbahnbegrenzungen überschreitet","","","","","","","sehr taktisches Vorgehen, kurzer Blick zum Fahrgeschehen zwischen NDRT, Außenspiegel sollte auch zur Aufmerksamkeit zum Fahrgeschehen zählen (keine Warnmeldung dann), Hin und Herschauen, Routine, Warnmeldungen manchmal für Probandin missverständlich, da Sie nach vorne schaut (Übergang Windschutzscheibe/Kombidisplay) Szenario 4 erkannt, nach inks gewechselt ohne Auslösen der Notbremsung, Automations Button in Baustelle gedrückt, obwohl nicht verfügbar, nach Baustelle vermehrt Aufmerksamkeit auf Fahrgeschehen, Szenario 6 nicht erkannt, Szenario 8 spät erkannt, dann rüber gezogen auf links","","","Szenario 2 und 6 nicht erkannt, Baustelle frühzeitig erkannt, allgemein Lenken war nicht richtig einschätzbar, Probandin hat ihrer Aussage her, nicht den Automationsbutton in der Baustelle gedrückt, bei Pannenfahrzeug in Rückspiegel geschaut und dann nach links gewechselt bei Pannenfahrzeug","","war nervig, aber gut, manchmal zu ungenaue Warnmeldung","nicht auf HMI geachtet","sind nicht aufgefallen","automatischer Spurwechsel hat vor- und nachteile","Querführung eher für Autobahn, alles in gewissen Maßen nutzen","",""
"L0",10,"","","","","","","","","-","","gefühlt starkes ablenkungspotential durch quiz","sehr viel Hin und Herschauen, fährt oft langsamer als erlaubt (bis zu 15 km/h weniger), Aufmerksamkeit meist auf Fahraufgabe, Szenario 2,  erkannt, Proband hat Quiz in der Mitte ausversehen gespeichert und dann neugestartet, Szenario 4 gut antizipiert und frühzeitig nach links gewechselt, fährt teilweise Schlangenlinien oder teils auf die linke Spur, Abwechslung zwischen Phasen voller Konzentration auf die Straße und abwechselndem Beschäftigen mit NDRT, Szenario 7 erkannt, Szenario 8 nicht erkannt, Notbremsung, dann links überholt","","","","","","","sehr abgelenkt durch Quiz, Spurhalteassistant wäre wichtig gewesen, abwechselnd Gas gegeben","","","Tempomat wäre gut","manchmal so langsam, dass 120 auf 100 nicht bemerkbar ist, Proband hat aber die 100 Geschwindigkeitslimits alle gesehen und über Display kontrolliert, fehlerhafte Geschwindigkeit einmal bemerkt, selber runtergebremst, dann Blick zum Display und wieder beschleunigt","","","",""
"L2 H-on",11,"","","","","","","Lieber mehr Warnmeldungen, auch mit Tönen wären mir lieber für ein sicheres Gefühl","Besonders durch die Aufgabe am Tablet zu arbeiten wurde ich stark abgelenkt. Man hat sich durch die langen Zeiten, in denen nichts passiert ist schnell zu sicher gefühlt. In echt sind die Konsequenzen gefährlicher","evtl rechts hinten noch mehr Blicke ermöglichen","","","","","fast ausschließlich Konzentration auf Tablet, nur kurze Blicke zum Fahrgeschehen, eine Hand am Lenkrad, Szenario 2 nicht erkannt, Hat App beim Tablet ausversehen beendet und dann neugestartet Szenario 4 zu spät erkannt, Notbremsung ausgelöst, währenddessen nach links gewechselt, nach Baustelle wieder Automation aktiviert und Aufmerksamkeit auf NDRT, dabei HandsOff bis Warnmeldung, danach HandsOn, Szenario 6 nicht erkannt, einmal HandsOnDetection wegen zu wenig Druck am Lenkrad, Szenario 8 erkannt, ganz schnell nach links ausgewichen, keine Auslösung Notbremsung","","","","","zu sehr ablenkt, um Geschwindigkeitsänderungen zu bemerken (2,6), Warnschild bei Baustelle gesehen, Probandin dachte, System würde selber verzögern, Pannenfahrzeug sehr spät erkannt, kurz rübergeschaut und dann nach links gezogen","","sehr hilfreich, teilweise nur Hand aufgelegt statt Lenkrad festgehalten","alles i.O.","Szenario 2 und 6 nicht erkannt, sonst alles i.O.","Keine Relation beim Bremsen, Beschleunigen, gewünscht wäre zusätzliche EyesOnRoad Detection","Längsführung v.a. bei langen Fahrten","",""
"L2 H-off",12,"","","","","","","","","","","","","","","","abwechselnd Blicke auf NDRT und Straße, angespannt, häufige Warnmeldungen bis zur 2. Stufe, versucht die Warnungen mit kurzen Blicken kurz vor Warnung auszutricksen, viele Kopfbewegungen, genervt, Szenario 2 nicht erkannt, oft und langes Gähnen, starke Müdigkeit, Szenario 4 erkannt, frühzeitig nach links gewechselt, schiefe Kopfbewegungen nach rechts zum Tablet, Szenario 6 nicht erkannt, viele Kopfbewegungen, verspannt, genervt von Warnmeldungen, Szenario 8 nicht erkannt, Notbremsung, dann nach links ausgewichen","","Proband hat die Fahrt am Abend nach anstregenden Tag absolviert, Müdigkeit"," Systemvertrauen, Baustelle recht früh erkannt, aber noch schnell Antwort eingeben, Verzögerung bemerkt, Bei Pannenfahrzeug  noch schnell Toten Winkel geprüft und nach links","","Systemvertrauen, alle paar Sekunden wird man gezwungen auf die Straße zu schauen. Relativ nervig, aber vollkommen wichtig, versucht, vorzuahnen","ab und zu Geschwindigkeit abgeglichen, ACC Grafik","Verzögerung von 120 auf 100 bemerkt, aber Szenario 2 und 6 nicht erkannt,","wäre cool, wenn Spurwechsel eigenständig durchgeführt wird","","","Tote Winkel hat aufgrund der Leinwände nicht richtig funktioniert"
"L0",13,"","","","","","","","","","","","Schlangenlinien, gelegentlich kurze auf Standspur gekommen, meiste Aufmerksamkeit auf Fahren, gelegentlich NDRT, Szenario 1 nicht erkannt, nach paar Minuten vemehrt Aufmerksamkeit auf Tablet, Probandin fährt ofters 130 km/h, öfter Abweichen auf Standspur v.a. in Kurven, Szenario 2 nicht erkannt, Szenario 3 erkannt, Handy der Probandin hat im Versuchsraum (nicht Simulator) zwischendrin geklingelt,erhöhte Aufmerksamkeit auf Fahrgeschehen ab min 20, Szenario 4 erkannt, rechtzeitig nach links gewechselt , Szenario 5 erkannt, gelangweilt, Szenario 7 nicht erkannt, Szenario 8 erkannt, gebremst, nach links gezogen, sehr kurz Notbrmesung aktiv, da noch nicht vollstädnig auf linker SPur","Autos auf der linken Spur sind nach der Baustelle sehr langsam gefahren","","","","","","Baustelle frühzeitig und zügig erkannt, dann eingereiht, hohe Aufmerksamkeit bei Pannenfahrzeug","","","i.O.","2-3 mal 100 km/h Geschwindigkeit erkannt","","","","Schlangenlinien durch konzentriertes Tippen auf der Tastatur beim NDRT, anstrengender als Lesen, Lenkung sehr feinfühlig, Suchen der Buchstaben auf der Tastatur, Handyklingeln und Smartwatchbenachrichtigung 1 mal, Sitzposition weiter nach vorne als üblich"
"L2 H-on",14,"","","","","","","","Geschehen besser beobachtet","Geschwindigkeit konnte nicht eingeschätzt (gefühlt) werden","","","","","hohe Aufmerksamkeit für NDRT, Warnmeldung nach 9 min, da zu wenig Druck bei HandsOnDetection, Szenario 2 nicht erkannt, nur kurze Blicke zum Fahrgeschehen, teilweise kurze HandsOff Fahrten, um Sachen einzutippen, Szenario 4 erkannt aber spät reagiert, minimale Aktivierung der Notbremsung beim linksfahren, Baustelle teilweise 105 km/h, oft Warnmeldungen, da HandsOff für NDRT, mit beiden Händen HandsOff, sehr geringe Aufmerksamkeit für Straße, Müdigkeit, Kratzen am Ohr, Szenario 6 nicht erkannt, bei Warnungen manchmal schreckhaft, Gähnen, Szenario 8 nicht erkannt, Notbremsung, Ausweichen nach links","","","","","Baustelle bei 200 m Schild erkannt, hat Situation erkannt, ganz kurz Notbremsung (hat Proband nicht gehört/erkannt), Baustelle nicht erkannt, dann Rückspiegel, nach links gezogen","","Warnmeldung ausgelöst durch beidhändiges Tippen oder zu wenig Druck am Lenkrad ausgeübt, nicht nervig, teils schreckhaft","i.O.","Szenarien 2 und 6 nicht erkannt","Spurwechsel nicht nötig","","","Rückspiegel links zu weit weg eingestellt"
"L2 H-off",15,"","","","","","","","ich hätte mich mehr auf die umgebung konzentriert","","","","","","","","genervt, gestresst durch Warnmeldungen, beobachtet Geschwindigkeitslimits, hat Muster von Warnung erkannt, nach 8 min vermehrte Konzentration auf Fahrgeschehen, Szenario 2 nicht erkannt, vor Baustellenszenario fast ständigzum Fahrgeschehen geschaut, Szenario 4 frühzeitig erkannt und ohne Notbremsung rüber, Wenig Warnmeldungen, da rechtzeitig oder oft zur Straße geschaut wird, Szenario 6 erkannt und manuell Geschwindigkeit reduziert, danach wieder Automation aktiviert (120), gelangweilt, Szenario 8 nicht rechtzeitig erkannt, Notbremsung eingeleitet, dann nach links","","","Baustelle schon ab ersten Schild erkannt, Übernahme, da kein Spurwechsel, zu viel Verantwortung abzugeben, wenn Spurwechsel eigenständig passiert wäre. Pannenfahrzeug: sie vermutet, in den Seitenspiegel vorher geschaut zu haben, bevor nach links ausgewichen wurde","","bewusst, immer mal wieder nach vorne geschaut, austricksen, LED Lichter im Auge gesehen, oft davon erschrocken, eher visuelle/auditive Wahrnehmung, hat Probandin oft erschrocken","i.O. Tempo gebraucht, und Status der Automation","Szenario 6: erkannt , runtergebremst, aber dennoch kurz unsicher, weil der andere Verkehr nicht langsamer wurde, bei 100 geblieben, dann 120 mit Automation, ansonsten auf Schilder geachtet","i.O.","","","Probandin wurde am Ende ein bisschen schlecht"
"L0",16,"","","","","","","","Keine Beschäftigung mit dem Tablet, da zu gefährlich ","","","Spurenhalten war sehr schwierig für mich, besonders, wenn ich die Antwort in das Tablett eingegeben habe.","Schlangenlinien, am Anfang in Mittelleitplanke gefahren, öfters teilweise auf Standspur (häufig) und auf Überholspur und Beinahekollision mit Fahrzeugen, Konzentriert, häufiges Abweichen von der Fahrspur und Korrigieren, Szenario 2 erkannt und abgebremst, teilweise mit Schwerpunkt des Fahrzeugs auf Überholspur, teilweise 135 km/h schnell, Szenario 3 erkannt, in Kurven mehr Aufmerksamkeit für Fahrzeugführung benötigt, Baustelle frühzeitig erkannt, teils rückartig/schnell gebremst und eingefädelt, bei m14 ca. 3200 m auf Überholspur und Leitplanken geraten, Szenario 5-7 erkannt, Szenario 8 nicht erkannt bis kompletter Stilsltand mit Notbremsung","","","","","","","Am schlimmsten, wenn man Antworten eintippen muss, Pannenfahrzeug nicht gesehen, beim Überholen nach links geschaut","","","i.O., beim Notbremsen Alarmton ausschlaggebend, dann Warnung gelesen","die meisten Geschwindigkeiten richtig erkannt, kurz verwirrt, ob das Schild (100) richtig angezeigt wurde, dann 110 km/h gefahren","","","","Spurhalten war sehr schwer, Assistant wäre gut"
"L2 H-on",17,"","","","","","","","","","","","","","Hände am Lenkrad, meiste Konzentration auf NDRT, Szenario 2 nicht erkannt, Baustelle erkannt, aber spät rüber und mit leichten Schlangenlinien, minimale Auslösung Notbremsung, angespannt, mehrmals Warnmeldungen für HandsOn, da Hände zu locker am Lenkrad, Szenario 6 nicht erkannt, Pannenfahrzeug nicht erkannt, Notbremsung und dann nach links ausgewichen","","","","","Baustelle 300-400 m vorher erkannt, sehr indriekte Lenkung, wollte in der Baustelle Automation aktivieren, Bei Pannenfahrzeug auf Alarmton reagiert, in Rückspiegel geschaut","","Hand war immer dran, eingehakt in der Speiche unten, aber System hat es nicht erkannt. Nicht bewusst HandsOff gefahren","i.O.","nicht erkannt, Brems- und Beschleunigungsvorgängen erkannt","Spurwechsel wäre gut","","Gas, Bremse, Lenkung sehr indirekt",""
"L2 H-off",18,"","","","Landschaft/umgebung beobachten","","","Es erschien der Eindruck, dass das Toleranzintervall nicht immer gleich war (d.h. manchmal Warnung nach 5 Sekunden, manchmal nach 15)","","","","","","","","","konzentriert, nach 5 min Warnmuster erkannt und kurze Blicke auf Straße, um diese zu deaktiveren, Szenario 2 nicht erkannt, Müdigkeit, genervt, Baustelle sehr früh erkannt und früh nach links gewechselt, bei manueller Fahrt einmal Schlangenlinien, Konzentration auf Fahrgeschehen danach, angestrengt, Szenario 6 nicht erkannt, Pannenfahrzeug nicht erkannt, Notbremsung bis zum Halt, dann nach links nachdem in Spiegel geschaut wurde","teilweise doppelte Warnmeldungen , weil Proband zu kurz auf Straße geschaut hat (unter 200 ms) bzw. ungenaue Kalibrierung","","Baustelle sehr frühzeitig erkannt, in Baustelle Automation versucht zu aktivieren, Pannenfahrzeug gar nicht erkannt","","manchmal Warnintervalle random wahrscheinlich nicht ganz genauer Kalibrierung, mit kurzen Blicken versucht, das System nicht zu aktivieren, im Moment des Piepens nervig, während NDRT hat Proband darauf gewartet, dass es Piepsen, nicht erschrocken","","Szenario 2 und 6 nicht erkannt, Beschleunigungen und Bremsvorgänge erkannt, einmal vorzeitig von 100 auf 120 vor 120 Schild Automation übersteuert","SPurwechsel wäre bequemer gewesen","","","Irgendwann Quiz durchschaut und auf Einzelwörter konzentriert"
"L0",21,"","","","","","","","","","","","etwas Schlangenlinien in eigener Spur, Szenario 1, 2 nicht erkannt, gute Spurführung, manchmal leicht auf linke Spur, Szenario 3 erkannt, fährt im Geschwindigkeitsbereich, Szenario 4 frühzeitig erkannt, auf links gewechselt ohne Notbremsung, Szenario 5 erkannt, genervt, Szenario 6 nicht erkannt, Szenario 7 etwas später erkannt, teilweise kurzzeitig auf Standspur, meiste Konzentration auf Tablet, zwischendurch Lenkkorrigierung und Blick auf Kombidisplay, Szenario 8  nicht erkannt, nach links ausgewichen
","","","","","","","Proband war etwas gewohnt am Handy zu sein, Baustelle recht früh erkannt, bei Pannenfahrzeug in Seitenspiegel kurz geschaut (gerade eingeben der Antwort), ","","","i.O.","kurz gewundert, dann geschwindigkeit bei szenario 6 angepasst, teils abgekommen vom Fahrweg","","","",""
"L0",22,"","","","","","","","nie mit einem Tablet so lange bescheftigen währen der fahrt","","","","Schlangenlinien in eigener Fahrbahn, teils 135 km/h schnell, Szenario 1 erkannt, aber nur auf 110 km/h runter, teils Berührung mit Standspur, Szenario 2 erkannt, vorher aber schon langsamer gefahren, teilweise viel langsamer als erlaubt unterwegs (100 statt 120), hin und her Geschlängel, Szenario 3 erkannt, immer mal wieder langsame und schnelle Fahrphasen, teils nur 90-95 km/h schnell, Baustelle früh erkannt, volle Konzentration darauf und rechtzeitig nach links ohne Notbremsung, Szenario 5 erkannt, teils auf Überholspur gekommen, angespannt, Szenario 6 nicht erkannt, Szenario 7 erkannt, öfter Abweichung von eigener Fahrspur, unkonstante Geschwindigkeit, Szenario 8 erkannt, gebremst, dann wieder nach beschelunigt und links am Pannenfahrzeug vorbei, kurz Notbremsung aktiv","","","","","","","Baustelle frühzeitig erkannt, Aufmerksamkeit auf Fahrgeschehen, Pannenfahrzeug selbst erkannt, nach links gewechselt mit Blick in Seitenspiegel","","","Geschwindigkeit Symbol etwas größer","schwer, die Geschwindigkeit konstant zu halten während des Tippens","","","",""
"L0",23,"","","","","","","","Keine Nutzung von externen Geräten während der Fahrt sowie kein Lesen von Texten","Abweichung zwischen Geschwindigkeit auf Schildern und der Schilderkennung","","","etwas Schlagenlinien, abwechselnd NDRT und Fahraufgabe, Szenario 1 erkannt, teils etwas langsamer, Fahrsprünge, teils kurzzeitig über Mittelspur (mehrmals Schlenker), Szenario 2 erkannt, teilweise vollständige Konzentration auf Straße, Szenario 3 erkannt, Baustelle erkannt und frühzeitig nach links gewechselt ohne Notbremsung, Szenario 5 erkannt, teils auf Standspur in Kurven (öfter), im Geschwindigkeitsbereich zwischen 110 und 130 km/h, Szenario 6 erkannt, Szenario 7 erkannt, am Ende meiste Aufmerksamkeit auf Fahrgeschehen (m11), gelangweilt, Szenario 8 erkannt, dann aber noch beschleunigt und Notbremsung bis nach links ausgeschert und überholt","","","","","","","paar mal Schlangenlinien (vorallem in den Kurven), Baustelle frühzeitig erkannt, Pannenfahrzeug erkannt, stark abgebremst, in Seitenspiegel geschaut","","","Spurhalteassistant wäre gut gewesen, Head Up Display /Virtual Cockpit","alle erkannt","","","","Wortvorschläge beim Tablet"
"L0",24,"","","","","","","","Ich hätte mich ganz sicher nicht so durch das Tablet ablenken lassen","","","","teilweise langsamer gefahren, Szenario 1 erkannt, genervt von blöden Fragen, Fokus auf Fahrgeschehen, Szenario 3 erkannt, oft 110 km/h, gelegentlich auf Fragen im Tablet geschaut, Baustelle serhf rüh erkannt und noch vor 200 m Schild nach links eingeschert, Szenario 5 erkannt, meiste Aufmerksamkeit auf Fahraufgabe, Szenario 6 erkannt, gute Fahrführung, Szenario 7 erkannt, gelangweilt, Szenario 8 nicht erkannt, noch kurz selbst gebremst, bevor Notbremsung aktiviert wurde","","","","","","","Baustelle frühzeitg erkannt, Baustellensituation selbst gebremst, Notbremsung, dann links rüber, rote Display zuerst gesehen bei Notbremsung","","","digitale Anzeige kognitiv anstrengender","alle erkannt, da vorwiegend auf Geschwindigkeitsschilder geachtet","","","",""
"L0",25,"","","","","","","","Nicht ständig mit dem Tablet beschäftigt, vor allem, nachdem man das erste mal von der Spur abkommt","","","","teils Schlangenlinien und Berührung Standspur (mehrmals), Szenario 1 erkannt, abwechselnd Aufmerksamkeit auf Fahrtätigkeit und Tablet, zwischendurch Screening der Umgebung, angestrengt, Szenario 2 erkannt, gelangweilt, immer wieder Abdriften auf Standspur, Baustelle erkannt, aber nur langsam rübergezogen, dadurch notbremsung ausgelöst bis Stillstand, Szenario 5, 6 und 7 erkannt, entlastende Armbewegungen, dabei kurz teils auf Überholspur gekommen, Schlangenlinien, Pannenfahrzeug erkannt, jedoch nicht rechtzeitig gebremst, dann Notbremsung und nach links gewechselt","Notbremsung löst aus, wenn Fahrer schon langsam auf die linke Spur wechselt (Baustelle)","","","","","","Bremsen generell schwierig (kein Feedback), Baustelle Notbremsung unverständlich, Pannenfahrzeug, Bei Pannenfahrzeug gesehen, gebremst, aber zu schwach, weil Bremse nicht gut einschätzbar","","","i.O.","vorher antizipiert und erkannt. i.O.","","","","Eintippen von Antworten erfordert starke Aufmerksamkeit"
"L0",30,"","","","","","","","Ich würde mich beispielsweise nicht darauf verlassen, dass das Fahrzeug vor mir die gleiche Geschwindigkeit fährt. Außerdem weiß man ja, dass in Echt nichts passieren kann während der Studie.","","","","Schlangenlinien, teils auf Überholspur und Standspur, Langsamleserin, teils langsamer, viel Schlangenlinien, Szenario 1 erkannt, meiste Aufmerksamkeit auf Fahrgeschehen, Szenario 2 erkannt, nach Eingewähnung gute Spurhaltung, Szenario 3 erkannt, Baustelle erkannt, langsam nach links, minimal Notbremsungauslösung, Szenario 5 erkannt, leichte Müdigkeitserscheinungen, Szenario 6 erkannt, gegen Ende meiste Aufmerksamkeit auf Fahrgeschehen, teils auf Standspur, Pannenfahrzeug rechtzeitig erkannt und nach links ausgewichen, minimal Notbremsungauslösung, da langsam rüber","","","","","","","überrascht bei Pannenfahrzeug, Geschwindigkeitslimits nicht immer wahrgenommen","","","","teils durch langsam fahrendere Autos links bemerkt","","","","Motorgeräusch hat gefehlt, dadurch bessere Einschätzung für Fahrdynamik, Multitasking schwer, Spurhalteassistant wäre wünschenswert gewesen, teils überflogen nach Schlüsselwörter"
"L0",32,"","","","","","","","","","","","kruze schnelle Blicke zum Fahrgeschehen, teils langsamer unterwegs, Szenario 1 erkannt, dann aber wieder schneller geworden, bleibt größtenteils innerhalb der Spur, nur leichte Schlangenlinien (teils auch größere Schlangenlinien), teils kurz auf Standspur (öfter), Szenario 2 erkannt, Szenario 3 erkannt, unruhiger ab etwa m7, Baustelle frühzeitig erkannt, jedoch etwas langsam nach links gewechselt, minimal Notbremsung ausgelöst, vermehrt Schlangenlinien, Szenario 5 erkannt, bei m9 500m fast Unfall mit Überholverkehr links durch rüberziehen, Szenario 6 erkannt, genervt, gelangweilt, unruhiger im Sitz, Szenario 7 erkannt, sichtlich angespannt, Schlangenlinien, Szenario 8 nicht erkannt, Notbremsung, dann nach links","","","","","","","nach Baustelle war klar, dass Notbremsung an Bord ist, danach mehr aufs Spurhalten und Geschwindigkeit, sonst Systemvertrauen, Fastkollison mit anderem Teilnehmer,, in Seitenspiegel geschaut bei Manöver Pannenfahrzeug, bei Baustelle recht spät rüber, weil noch Frage beantwortet worden sollte, aber Situation war ihm klar","","","Drehzahl wäre interessant gewesen, analogen Tacho","primär auf Temposchilder auf der Straße geachtet, nicht groß auf Display geschaut, kurz mit Tablet gewartet, bis Schild erkannt ","","","","Tastatur war noch im Screen, wenn man Antwort nicht rechtzeitig eingetippt hat, kurze Orientierung bei Antwort, sodass man zeit für Texte hatte, man konnte teils Antworten vorhersehen"
"L0",33,"","","","","","","","Konzentrieter fahren","","","","teils Schlangenlinien, Szenario 1 erkannt, bei m3 1200m auf Standspur kurz gekommen, bei m3 3900 kurz auf Überholspur, Szenario 2 erkannt, in Kurven größere Schlangenlinien, teils durch Fragen sehr abgelenkt und auf Standspur, Szenario 3 erkannt, immer prüfende Blicke uf Fahrgeschehen, sonst abwechselnd Beschäftigung mit NDRT, Baustelle frühzeitig erkannt und nach links gewechselt, nach Baustelle teils längere Aufmerksamkeit auf Fahrgeschehen, Szenario 5 erkannt, angespannt, Szenario 6 erkannt, unruhiger, Szenario 7 erkannt, Szenario 8 frühzeitig erkannt, gebremst bis Stillstand und dann nach links (Warten auf anderes Fahrzeug)","","","","","","","öfter von Spur abgekommen, Aufmerskamkeit bei Baustelle und man hatte Zeit, während Baustelle auch NDRT, Probandin: fast zu knapp Pannenfahrzeug erkannt, Vollbremsung, weil Überholverkehr nicht richtig erkannt und eingeschätzt werden konnte","","","i.O.","alle erkannt, immer reales Schild angeschaut, bis nächstes Schild gewartet, bevor nächste Frage beantwortet wurde","","","","Lesen war schwieriger, beim Tippen konnte man Pausen machen, beim Lesen sehr häufig Zeit abgewartet, um nochmal den Text zu verinnerlichen oder auf Verkehr aufzupassen"
"L0",35,"","","","","","","","Ich hätte mich nur auf den Verkehr und die Verkehrsschilder konzentriert.","- Geschwindigkeit schlecht abzulesen -> vorbeirauschen der Landschaft gefühlt unabhängig von Geschwindigkeit
","","","sehr viel Schlangenfahrt, zu Beginn jeweils Überholspur und Standspur berührt und teils überquert, fährt teilweise über 135 km/h, einmal deutlich auf Standspur, Szenario 1 nicht erkannt, Autos rechts überholt (S1), mehrmals teils auf Überholspur gekommen (unkritisch), Szenario 2 nicht erkannt, m6 1500 teils auf Überholspur gekommen (auch 3200m), Szenario 3 nicht erkannt, m7 4200 m auf Überholspur kruz gekommen, Baustelle spät erkannt, fast nach rechts auf Standspur gekommen, Notbremsung ausgelöst bei Wechsel auf linke Spur (war nötig), oft nach links oder rechts gezogen (je nach Kurve, aber auch bei Geraden), m8 1800 kurze Fahrt auf Überholspur (mehrfach), Szenario 5 erkannt, sehr häufige Schlangenfahrt, her etwas schneller unterwegs, m9 400m, Überholspur überquert, Szenario 6 erkannt, dann aber weider beschelunigt wegen schnelleren Überholverkehr, Szenario 7 erkannt, Szenario 8 nicht erkannt, nach links gezogen","","","","","","Versuch musste nach 60 sec neu gestartet werden, da Demo Version für Fragen benutzt wurde","viel Schlangenlinien sowohl nach links als auch nach rechts, am Anfang nach rechts, danach am Ende nach links, bei zu hoher Konzentration auf die Fragen am Tablet, während der Baustelle auch am Tablet, bei Pannenfahrzeug erst nach links und dann in Spiegel geschaut","","","","Szenarien vor Baustelle nicht erkannt, danach bei falschem Limit überrascht, zu sehr Systemvertrauen, 100 gesehen, aber gedacht ,dass System (120) stimmt und wieder beschleunigt","","","","Beim Lesen nicht auf Weiter geklickt"
"L0",38,"","","","","","","","ich hätte mich nicht mit einem Tablet beschäftigt und das Radio gemacht","lieber einen Kaugummi und eine Tüte ins Auto legen...","","körperlich anstrengend, das nach rechts schauen geht in den Nacken","vermehrte Aufmerksamkeit auf Fahraufgabe, vor Szenario 1 schon 107 km/h gefahren, nicht erkannt, Geschwindigkeitssprünge, teilweise nur 80 km/h, Schlangenfahrt, oft Beschleunigungen und Ausrollen, fährt eher 110 km/h, angespannt, angestrengt, Szenario 2 nicht erkannt, kurz vorher Beschleunigung auf über 140 km/h, dann wieder teilwiese Verzögerungen auf 95 km/h, m5 Anfang kurz auf Standspur, größere Schlangenlinien, Szenario 3 erkannt, genervt, m7 6200 m kurz auf Überholspur, Baustelle erkannt, aber sehr langsam rübergezogen, Notbremsung bis in Stilstand (nicht kritisch), Nackenschmerzen, nach Baustelle auf 140 km/h kurz beschleunigt, Szenario 5 erkannt, aber dennoch nicht verzögert, also nicht reagiert, Szenario 6 erkannt, m10 1000m kurz Standspur berührt und überfahren, sichtlich angespannt und etwas gelangweilt, genervt, bei m12 700 m auf Standspur kurz gekommen, Szenario 7 erkannt, überwieigend eher 100-105 km/h, Szenario 8 nicht erkannt, Notbremsung bis Stillstand, dann links (nach Aufforderung Versuchsleiter)","","","","","","","Schlangenlinien, eher auf Standspur, Lesen am Anstrengensten, in der Baustelle keine Tabletbeschäftigung, weil Probandin eher schlingert, Pannenfahrzeug sehr spät erkannt","","","i.o., Navigation mit Streckenführung wäre gut","Aufmerksamkeitbei Fragen spiegelt sich auch bei Fahrverhalten wieder und bei Geschwindigkeiten","","","","Probandin wurde nach Fahrt etwas schlecht"
"L0",40,"","","","","","","","","","","stressig","Probandin ist gleich am Anfang in die rechte Leitplanke gefahreb, bei m1 2400m auf die Überholspur und hat Überholverkehr ausgebremst, fährt meist sehr weit rechts von der Idealspur, fast auf Standspurmarkierung (überfährt diese mehrmals), bei Übergang zu m2 wieder auf Überholspur gekommen, Anfang m2 auf Beschleunigungsstreifen gekommen, Szenario 1 erkannt, Schlangenlinien in eigener Spur, mehrmals auf Standspur gefahren während Beschäftigung mit Tablet, imemr weider Abdriften auf Standspur, meiste Konzentration auf Fahraufgabe, Szenario 2 erkannt, aber vorher schon langsamer gefahren, teils auch nur 85 km/h, m5 200m auf Standspur gekommen, fährt meist nur etwa 100 km/h, Szenario 3 erkannt, m7 4200m auf Überholspur kurz geraten, fährt sehr weit rechts mit den Rädern auf Standspur markierung, Baustelle erkannt, zu langsam rüber (Notbremsung kurz aktiv, nicht kritisch), Szenario 5 erkannt, m9 2500, auf Standspur abgekommen, Szenario 6 erkannt, angespannt, gelangweilt, Szenario 7 erkannt, Pannenfahrzeug sehr früh erkannt und nach links gewechselt","","","","","","Nachfrage bei mVersuchsleiter wegen Notbremsung bei Baustelle (Was ist passiert?)","Fahrbahn verlassen in beide Richtungen, Tippen und Lesen am Tablet Gründe dafür, auch auf Tacho, in Baustelle reine Fahraufgabe, Pannenfahrzeug ausgewichen, ganz kurz in Spiegel geschaut","","","Piepsen wenn sie zu schnell werden (kurz vor Blitzerauslösung Punkt in Flensburg)","Geschwindigkeitsverzögerungen parallel zur Tableteingabe","","","","Simulation hat etwas geruckelt"
"L2 H-on",47,"","","","","","","Ich habe keine Warnmelung gehabt dass ich meine Hände vom Steuer genommen habe","","","","","","","allermeiste Aufmerksamkeit auf Tablet, Szenario 2 erkannt, aber nicht reagiert, Baustelle erkannt, aber spät reagiert und Spurwechsel nicht richtig eingeleitet (Notbremsung aktiviert), Szenario 6 erkannt, manuell gebremst, aber skeptisch gewesen, Pannenfahreug erkannt, schnel gebremst, Notbremsung aber ausgelöst und nach links gezogen","","","","Probleme mit Blinker","Baustellensituation, Proband hat automatischen Spurwechsel erwartet, nicht kritisch, Gewöhnung, keine Notbremsung zusätzlich, versucht Automation in der Bustelle zu aktivieren, Pannenfahrzeug nicht mit gerechnet, in den Außenspiegel geschaut","i.o.","keine Warnungen erhalten","ACC Anzeige","Szenario 2 zu viel Systemvertrauen, Szenario 6 erkannt, manuell gebremst, logisch ,dass es bei 120 wieder funktioniert, danach öfter bewusster auf die temposchilder geachtet","i.o., automatischer spurwechsel, wenn der fahrer nicht reagiert --> notbremsung besser","Level 3 mit Übernahmeentscheidung besser, noch nict ausgereift, kein 100%iges vertrauen","",""
"L2 H-off",48,"","","","","","","","Generell weniger oder weniger komplexen Nebentätigkeiten nachgehen","","Widerstand bei Lenkbewegung und aktiviertem System.. Wird erst größer, dann plötzlich null, gefährlich?","","","","","","mit kurzen Blicken zum Fahrgeschehen Warnungen deaktivieren/vermeiden, Szenario 2 nicht erkannt, Baustelle erkannt und ohne Notbremsung rübergezogen, Szenario 6 nicht erkannt, Panennfahrzeug erkannt, mit Notbrmesung nicht kritisch, nach links gelenkt","","","Pannenfahrzeug, regelmäßiger Rhythmus zwischen Tablet und Blicke zum Fahrgeschehen, gebremst mit Unterstützung Notbremsung, nicht kritisch, nach links geschaut (Rückspiegel, Seitenspiegel), deshalb nur etwas gebremst und rüber, da Bahn frei, frühzeitig erkannt, nach links, nicht versucht, Automation zu aktivieren (antizipiert)","i.o.","sehr wichtig, da sonst noch mehr Ablenkung, es nervt schon, wollte Piepsen vermeiden","i.o.","Systemvertrauen, situationen nicht erkannt","Spurhalteassistant sehr ruhig und dennoch genau, sehr angenehm, Spurwechsel automatisch selbst machen (anderes oder gleiches Peipsen mit anderem Symbol), komplett automatisch mit Vorwarnung","unangenehme Querführungsunterstützung, mit Widerstand in der Realität Ausreißen und Unfallpotential (wegen Widerstand)","",""
"L2 H-on",49,"","","","","","","Hände immer am Lenkrad, keine Warnungen erhalten.","Ich wurde nicht so viel am Tablet oder am Handy sein. ","","","","","","meiste Konzentration auf Tablet, ab und zu prüfende Blicke in die Fahrumgebung, Szenario 2 nicht erkannt, Baustelle erkannt, erst gebremst, dann nach links gelenkt, keine Notbremsung, Szenario 6 nicht erkannt, Pannenfahrzeug nicht erkannt, noch kurz selbst gebremst, dann Notbremsung und nach links ausgewichen","Lenkrad ging am Anfang nicht (erste 30 sec), nochmal neu gestartet und dann funktioniert es","","","Quiz einmal ganz am Anfang beendet","Pannenfahrzeug viel zu spät erkannt, gleichzeitig nach links gelenkt und auf Verkehr geachtet, Baustelle rechtzeitig bemerkt, abgebremst, nach links gezogen","i.o.","Hände immer am Lenkrad","i.o.","Systemvertrauen, Beschleunigungen und verzögerungen mitbekommen, selber die Schilder nicht angeschaut, keine Zeit wegen Tablet","Spurhaltung super, deswegen auch das Vertrauen, kein automatischer Spurwechsel, Vorwarnung vor kritischen Situationen gewünscht","System würde Fahren entspannter machen, Spurhaltung nicht unbedingt notwendig, aber wäre dennoch sinnvoll","","begeistert von den Funktionalitäten, sehr realistisch"
"L0",50,"","","","","","","","Auf gar keinen Fall in diesem Umfang mit fahrfremden Tätigkeiten beschäftigt. Sehr selten mal am Handy. Infotainment oft.","","","","Eher 100 km/h und dann wieder Beschleunigungsintervalle, S1 erkannt, aber vorher schon 95 km/h gefahren, da mit Tablet abgelenkt, gute Spurführung
S2 erkannt, Teilweise nur 90 km/h wenn mit dem Tablet beschäftigt, Teils kurz Standspur berührt
S3 nochmal überprüfen, Bei m7 2000m kurz Überholspur berührt
Baustelle: erkannt und ohne Notbremsung auf die linke Spur gewechselt
Teils Schlangenlinien
S5 erkannt, teils nur 90 km/h gefahren (nochmal nachsehen)
S6 erkannt teils nur 90 km/h
Proband hat Quiz aus versehen beendet und währenddessen kurz auf linke Überholspur gekommen, Neues Quiz gemacht, S7 erkannt, Pannenfahrzeug nicht erkannt, Notbrmesung, dann nach links
","","","","","","","Pannenfahrzeug, erst bei Notbremsung bemerkt,im Stillstand in den Rückspiegel, Baustelle frühzeitig erkannt, in Baustelle auh auf Tablet, entspannter, weil langsamer","","","i.o.","kann sein, dass 1- mehrere Geschwindigkeitslimits übersehen","","","","Beenden Knopf kleiner oder oben in die Ecke, kleines rotes Kreuz"
"L2 H-on",51,"","","","","","","Hände waren immer am Lenkrad","würde mich nicht durch Tablet oder Handy ablenken lassen","","","","","","Abwechselnde Aufmerksamkeit auf Tablet und Fahrgeschehen, immer wieder prüfende Blicke, Szenario 2 erkannt, mehr Aufmerksamkeit auf Fahrgeschehen, beobachtet viel die Umgebung, Baustelle erkannt, ohne Notbremsung rübergezogen auf links, hat wohl in Baustelle versucht, die Automation zu aktivieren (?), Szenario 6 erkannt, manchmal Beschäftigung mit Tabelet, aber überwiegend Fahrgeschehenbeobachtung, Pannenfahrzeug frühzeitig erkannt, gebremst und nach links gewechselt, keine Notbremsung","","","","","Pannenfahrzeug gebremst, dann rüber, hat versucht, die Automation in der Baustelle zu aktivieren","i.o.","keine Warnung","i.o.","zweimal richtig erkannt, dann wieder automation aktiviert, bemerkt, dasse sauf 120 geht und wieder deaktiviert, anpassung an geschw. den vekrehrsregel nentsprechend gut","Lenkradwiderstand bei Automation, kein automatischer Spurwechsel","privat oft Spurwechsel, ständig Widerstand bei Automation und Spurwechsel","",""
"L2 H-on",52,"","","","","","","","Ablenkung vermeiden","","","","","","Anfangs Hand nicht am Lenkrad (mehrmalsWarnmeldung), öfters HandsOff, Szenario 2 nicht erkannt, meiste Konzentration auf Tablet, gelegentlich Blicke zum Fahrgeschehen, Baustelle erkannt, nach links gezogen ohne Notbremsung, Frage an Versuchsleiter, ob Spurwechsel automatisch passiert wäre, Teilweise noch Fuß auf der Gaspedale gehabt, Szenario 6 nicht erkannt, Pannenfahrzeug erkannt, nach links gezogen, ganz kurz Notbremsung (nicht kritisch)","","","","Quiz gleich am Anfang beendet und neu gestartet","akustisches Signal fehlt, wenn Automation deaktiviert ist, Baustellenschilder wahrgenommen, wusste nicht, ob Assistant was macht oder nicht, danach manueller Eingriff, Pannenfahrzeug sehr spät erkannt, in Rückspiegel und nach links rüber","i.o.","Eine Hand immer am Lenkrad, eventuell zu wenig Druck am Lenkrad, Warnung verstanden, nicht nervig","i.o., evtl. drehzahlanzeige","an sich schon Systemvertrauen, nicht verglichen mit realen Verkehrsschildern, nicht in kontrollierender Form, BEschelunigugnen und verzögerungen bemerkt","assistant war angenehm, mehr kommunikation zwischen system und fahrer gewünscht, sehr einschläfernd","bei Spurhalte mehr Kommunikation erwünscht, Blinken, Zeichen ist sehr versteckt","","sehr anstrengend"
"L2 H-off",53,"","","","","","","","Nicht so oft auf Tablet geschaut ","","","","","","","","öfter Warnmeldung bis Stufe 2, kurze Blicke zum Fahrgeschehen, um Warnungen zu deaktivieren, Szenario 2 nicht erkannt, Baustelle frühzeitig erkannt, nach links gewechselt, Automation aktiviert, dann wurde Automation deaktiviert und mehrfach versucht, in Baustelle Automation zu aktivieren, Szenario 6 nicht erkannt, Pannenfahrzeug nicht erkannt, Notbremsung bis Stillstnad, dann links vorbei","","App beendet und neu gestartet","Baustelle gesehen frühzeitig, Automation aktiviert, dann wieder deaktiviert worden, in der Baustelle hat versucht mehrfach zu aktivieren, Pannenfahrzeug erst nach warnung gesehen, nicht in rückspiegel geschaut","i.o.","nervig, hat es verstanden","i.o.","systemvertrauen, ab und zu stichprobenartig geschaut, geschw. änderungen nachvollzogen","angenehme fahrt","Geshcwindigkeit selber wählen, aber spurhalte praktisch","",""
"L2 H-off",54,"","","","","","","","","","","","","","","","meiste Zeit mit Tablet beschäftigt, kaum Warnmeldungen, da vorher schon mit Blick zum Fahrgeschehen deaktiviert, Szenario 2 nicht erkannt, Baustelle erkannt, frühzeitig rüber, dann wieder Automation aktiviert, wurde vom System bei Baustelle deaktiviert und dann manuelle Fahrt in Baustelle, versucht AUtomation zu aktivieren (?), fast die ganze Zeit HandsOn Fahren statt HandsOff, genervt, gelangweilt, Szenario 6 nicht erkannt, einmal 2. Warnstufe, Müdigkeit und merhfaches Gähnen, Pannenfahrzeug sehr spät erkannt, Notbremsung, dann nach links gelenkt ","","","Pannenfahrzeug, recht spät erkannt, gebremst, in Seitenspiegel geschaut, dann nach links mit Blinker, Baustelle früh erkannt, dann links, Automation veruscht zu aktivieren in Baustelle","i.o.","unfassbar genervt, hat versucht dies auszutricksen mit kurzen Blicken, warnungen verstanden,
Hande oft am Lenkrad, schon pasr erfahrungen, deshalb bei spruwechsel widerstand und lenken, damit proband weiß, was passiert","i.o.","im Versuch anders verhalten: Systemvertrauen, kaum geschw. änderungen bemerkt, auch nicht in Baustelle nach automation deaktivierung","angenehm, kein automatischer spurwechsel","Spurhalten nur in Stau und Stadtverkehr","",""
"L2 H-off",55,"","","","","","","","","","Das System war gut","","","","","","Am Anfang HandsOn, Szenario 2 nicht erkannt, versucht Warnungen auszutricksen mit kurzen Blicken vor eigentlicher Warnmeldung (sehr regelmäßig), sehr strategisch, Baustelle erkannt, ohne Notbremsung rüber, dann Automation mehrfach versucht in der Baustelle zu aktivieren, Szenario 6 nicht erkannt (?), wenig Warnmeldungen","","Quiz am Anfang beendet und neu gestartet","Baustelle erkannt und nach links ohne Notbremsung, mit Blick in Außenspiegel, mehrmals versucht die Automation zu aktivieren in der Baustelle, irritiert, dann manuelle Fahrt, Pannenfahrzeug erst bei Notbremsung erkannt, mit Blick in Außenspiegel nach links","i.o.","anfangs genervt, dann wichtigkeit verstanden, dann vor dem peipsen hingeschaut, nach ungefähr jeder textzeile nach vorne geschaut","i.o.","beide Szenarien nicht erkannt, Verzögerungen und Beschelunigugnen bemerkt","i.o., gerne spurwechsel automatisch","aus Vorerfahrung Spurhalteassistanz sehr ruckelig","","lesen anstregender bei tablet"
"L2 H-on",56,"","","","","","","Hand immer am Lenkrad, keine Warnmeldung erhalten","","","","","","","meiste Konzentration auf Tablet, Szenario 2 erkannt, manuell runtergebremst, dann aber wieder Automation auf 120 km/h aktiviert --> Situation nicht verstanden, ab und zu prüfende Blicke auf Fahrgeschehen, sonst große Mehrheit auf Tablet, Baustelle frühzeitig erkannt, abgebremst, manuell gefahren, aber auf rechter Spur geblieben, bei Spurwechsel kurz Notbremsung (nicht kritisch), nach Baustellenende nicht ganz klar, dass Automation wieder aktiviert werden soll, Szenario 6 erkannt, manuell runtergebremst, dann aber wieder Automation auf 120 km/h aktiviert --> Situation nicht verstanden, Pannenfahrzeug sehr spät erkannt, Notbresmung bis Stilsltand, dann wusste nicht, was machen soll, links vorbei","kein SmartEye Logfile","","","","Baustelle:manuelle Fahrt war schwierig,Fragen gingen nicht nebenbei, Situation nicht gecheckt, ganze Zeit auf Fragen fokussiert, man ist nicht vorbereitet, plötzliches Interagieren, versucht in der Baustelle, die Automation zu aktivieren, Pannenfahrzeug sehr spät bemerkt, sehr überrascht, nur bisschen gebremst bis Notbremsung, dann etwas verwirrt, was dann ist, überrascht, dass das Fahrzeug auf der Straße stand, verwirrt wegen anhaltenden Autos","i.o.","keine Wahnung erhalten","i.o.","Szenarien 2 und 6 nicht verstanden, , geschwindigkeitsänderungen bemerkt, mit schildern verglichen","angenehm, manueller Spurwechsel","lieber Spurführung selbst","","Blinken sehr ungewöhnlich, nicht ausgegangen, nur leicht auf Gas bewirkt viel"
"L2 H-off",57,"","","","","","","","Eigenes Auto - mehr auf Sicherheit bedacht","Gleich Rückmeldung, ob eine Frage richtig beantwortet wurde","","","","","","","oft bis 2. oder auch 3 Warnmeldung, hat Hand am Lenkrad, ignoriert oft 1. Warnstufe, öfter Vehiclestop, dann eigener Eingriff, Szenario 2 nicht erkannt, teilweise Automation deaktiviert, um kein Fahrzeugstop zu haben, schaut öfter in Display, aber nicht zum Fahrgeschehen, um Warnungen zu deaktivieren, sehr viele Warnmeldungen, öfters HandsOn Driving, in Baustelle auch am Tablet, Baustelle erkannt und ohne Notbremsung nach links gewechselt, hat bei m14 Ende 3. Warnmeldung erhalten und die Automation deaktiviert, dann aber nicht aktiviert und auf Überholspur gekommen, Crash mit Fahrzeug, und fast in Leitplanke rein, Szenario 6 nicht erkannt, Pannenfahrzeug erkannt, nach links gelenkt, teilweise mit Notbremsung","","nicht das beste Eyetracking","Baustelle frühzeitig erkannt, nicht versucht, Automation zu aktivieren, gewisses Systemverständnis, kurz am Tablet, Pannenfahrzeug erkannt, keine Zeit für Blick in Rückspiegel","Automation einmal nicht aktiviert und Crahs auf Überholspur ausgelöst","Warnungen verstanden, Rhythmus erkannt, teilweise genervt","i.o.","Systemvertrauen, beide Szenarien nicht erkannt, 20 km/h marginal, Beschleunigungsvorgänge bemerkt","angenehm, gerne automatischer Spurwechsel","für längere Fahrten, gerne als Option","",""
"L2 H-off",58,"","","","","","","","Ich hätte mich nicht so viel mit dem Tablet beschäftigt","","","","","","","","meist bis 1. Warnstufe, aber oft Scannen und kurze Blicke zur Fahrbahn, sodass nur wenige Warnungen ertönen, SZenario 2 nicht erkannt, Schild erkannt, aber nicht reagiert, versucht geschickt die Warnmeldungen schon vor dem Aktivieren zu deaktivieren, müde, gelangweilt, Baustelle 2 erkant, ohne Notbremsung nach links, dann wieder Automation aktiviert, wurde dann Systemseitig bei Baustelle deaktiviert, mehrmals versucht diese zu aktivieren (?), Szenario 6 nach einigem Zögern erkannt und manuell gebremst, dann Automation wieder aktiviert, bemerkt, dass diese bis 120 km/h geht, dann wieder deaktiviert und kurz vor 120 km/h schild aktiviert, zwischendurch selbst 110-115 km/h gefahren, angespannt, kaum Warnmeldungen, Pannenfahrzeug erkannt und schnell reagiert nach links, ganz kurz Notbremsung, aber nicht kritisch","","","Baustelle beim ersten Schild erkannt (600 m), nicht mitbekommen, dass Automation in Baustelle deaktiviert wurde, dann aber auch nicht versucht, diese zu aktivieren, in Baustelle am Tablet gewesen, Pannenfahrzeug, irgendwann anderes Auto vorne erkannt, dann nach links (nicht kritisch), erst abgebremst, nicht so stark wie erhofft (Aktuatorik Bremse), dann Spiegelblick","i.o.","Warnungen verstanden, auch wenn Intervalle nicht konstant waren, nach Gefühl geschaut, Fragen durchlaufen lassen, davor Umgebung gescannt, am Anfang nervig, wegen zu kurzen Intervallen, nach Eingewöhnung gutes Instrument, um alles mitzubekommen","gewünscht: Information, wann Automation deaktiviert wurde, Piepston, wenn es sich deaktiviert, Display an sich gibt keine Information in 1. Warnstufe ab, aber gut in Lenkrad integriert","Szenario 2 nicht erkannt, in Szenario 6 runtergebremst, dann manuell beschelunigt, teils zu schnell wegen Gaspedal und dann Automation bei 120 km/h aktiviert (anders z Beobachtung)","angenehme Spurführung, adaptive Cruise Control nicht bei Pannenfahrzeug keine Warnung erhalten, sonst mit tempomanten automatisch runtergebremst, eigenes Abbremsen gefehlt vor Notbremsung, wenn System in der Lage, dann gerne automatischer Spurwechsel","Komfort auf Langstrecke, nicht für innerstädtische Fahrten, da zu unverlässig mit Temposchildern und SIcherheitspuffer, da eher vorsichtig und viel abbremsen würde","",""
"L2 H-off",59,"","","","","","","","ich denke ich wäre weniger stark abgelenkt mit einer nebentätigkeit, bwz wäre ich weniger oft mit meiner Aufmerksamkeit hin und her gewechselt zwischen Fahren und Tablet/ Aufgaben lösen. Da die Aufgaben jedoch mit Zeitdruck verbunden waren, lag hier mein Fokus klar mehr auf den Aufgaben.","","","","","","","","fährt überwiegend HandsOn, oft nur bis 1. Warnmeldung (paarmal 2.), meiste Aufmerksamkeit auf Tablet, zwischendurch Blicke wegen Warnmeldungen und Fahrumgebung, Szenario 2 erkannt, manuell abgebremst, dann wieder Automation aktiviert auf 120 km/h kurz nach 100 km/h Schild, Baustelle frühzeitig erkannt, nach links gewechselt ohne Notbremsung, dann wieder Automation aktiviert, systemseitig bei Baustellenanfang deaktiviert worden, Proband hat dies kurz danach entdeckt und versucht Automation zu aktivieren, dananch manuelle Fahrt, Szenario 6 erkannt, manuell abgebremst und erst bei 120 km/h wieder Automation aktiviert, Pannenfahrzeug spät erkannt Notbremsung, dann nach links gewechselt","","Warnton bei Deaktivieren der Automation hilfreich","Baustelle: manuelle Fahrt schwierig, dachte, Automation funktioniert, hat versucht, diese zu aktivieren, während der Baustelle am Tablet, hat gesehen, dass das Auto langsamer wurde und Spur nicht gehalten wurde, Pannenfahrzeug, erst selbst gebremst, hätte früher reagieren sollen, nicht in Rückspiegel geschaut, hat aber geschaut ob jmd in der Spur war, spät reagiert","i.o.","hat Warnungen verstanden, Blick zu lange von Fahrbahn, teils anstrengender Text, dann bis 2. Warnstufe gewartet, Warnstufe zu nervig, zu oft, es passiert ja nix beim Verkehr, aber dennoch logisch, versucht etwas auszutricksen","Automationsaktivierung in Baustelle unbedacht, langsame Transition von Automation zu manueller Fahrt, abgelenkt von Texten, Vorwarnung für manuelle Fahrt bzw. Automation wird beendet","Szenario 2, nicht ganz gecheckt, dann runtergebremst, sehr unsicher, ob Automation aktiviert werden soll ,dann ktiviert, und in Ferne 120 km/h Schild gesehen, bei Szenario 6 gebremst, erst ab 120 km/h 120 gefahren, Geschwindigkeitsänderungen sonst nicht so bemerkt, bei Baustelle schon","super, angenehm, zu wenig Vertrauen, wenn automatischer Spurwechsel, komplexe Situationen, vom Tesla Vorwissen, noch mehr Erfahrungen. teils unvorhersehbare bremsungen, sonst verkerhsfluss serh vertrauenswürdig","würde gerne selbst noch manuell fahren aber für längere Fahrten oder Zwischendurch, entspanntere Fahrt, oft HandsOn unterbewusst von Tesla Vorerfahrung","",""
"L2 H-off",60,"","","","","","","","","sehr interssant und wichtig","spannend aber auch etwas anstrengend","","","","","","älterer Proband, Anfang sehr viele Probleme beim Verstehen der Warnmeldungen und viele Schwierigkeiten bei der Benutzung des Tablets, Szenario 2 nicht erkannt, HandsOn Fahren, sehr mit Tablet abgelenkt, mehrmals bis zu Vehiclestop (nicht verstanden), Baustellensituation nicht erkannt, war überfordert, hat nach bEdeutung der Schilder gefragt, hat nicht verstanden, dass man manuell fahren muss in der Baustelle, sehr mit Tablet beschäftigt, teils nicht bemerkt, wenn Fahrzeug durch Fahrzeugstopp langsamer wurde und ohne Automation nach links gefahren ist (teils kritische Situationen), Szenario 6 nicht erkannt, Pannenfahrzeug sehr spät erkannt, nach links gezogen mit Notbremsung","viele Nachfragen an Versuchsleiter","","Tabletbenutzung, meiste Ablenkung, Baustellensituation gerade noch gesehen, manuelle Fahrt erst später verstanden, Pannenfahrzeug nicht gesehen, nicht in Spiegel geschaut","i.o.","hat Warnungen verstanden, nicht nervig, sondern notwendig, gemerkt, wenn man sich kurz Zeit nimmt auf das Fahrgeschehen zu schauen, Regelmäßigkeit, Gefühl","i.o.","Systemvertrauen und Beschäftigung mit Tablet, dadurch keine Szenarien erkannt","angenehm, i.o.","noch nicht ausgereift, Umsetzung Theorie in Praxis mit sehr ausgefeilten Tests, HandsOff nicht wegen Sicherheitsgefühl. älterer Proband, manuell","",""
"L2 H-off",61,"telefonieren ohne Freisprechen","zu schnell fahren","unaufmeksam","müde","","pünktlich sein","","nicht am Tablett","","","","","","","","Am Anfang gleich bis Fahrzeugstop, teilweise Instruktionen von Versuchsleiter bei Nachfragen des Probanden, teils Warnungen ignoriert und wusste nicht, wie man 3. Warnstufe beendet, HandsOn Fahren, sehr spät erst bemerkt, wenn das Fahrzeug bei Vehiclestop ohne Automation fährt, Überholspur teilweise überfahren, öfter bis 3. Warnstufe und Abbremsen, dann manuelles Aktivieren der Automation, Szenario 2 nicht erkannt, ab m5 wieder überwiegend HandsOff, Warnmeldungen verstanden, angespannt, gelangweilt, Baustelle spät erkannt, aber noch rechtzeitig rüber, jedoch etwas in Schlangen, kurz Notbremsung (nicht kritisch), danach versucht, Automation in Baustelle zu aktivieren, Szenario 6 nicht erkannt, Pannenfahrzeug: überhauot nicht gesehen, sehr erschrocken, bis Stillstand mit Notbremsung, dann links vorbei","","älterer Proband","Baustelle kurz nach 80 km/h Schild erkannt, hat versucht die Automation zu aktivieren in der Baustelle, Pannenfahrzeug erst nach Notbremsung erkannt, in Spiegel geschaut und dann nach links","i.o.","nicht nervig, hat Warnungen verstanden, positiv, dass es durch Blick auf Straße deaktiviert wurde, Text unterbrochen, um Warnungen zu deaktivieren","warum ist die Automation nicht in der Baustelle verfügbar, Tempomat in der manuellen Fahrt gewünscht","schon Geschwindigkeit überprüft, eingelullt durch Fahrsimulatro, durch Monotonie, Geschw. verhalten bemerkt","bisschen mehr Lenkeingriff vorgestellt, automatischer Spurwechsel in Kombi mit toter winkel assistant","tolle Funktionen, verkehrssicher, adaptiven Längsführung sehr wichtig (auch LKW)","Lesen war schwierig, man versteift sich auf einzelne mögliche Antwortwörter",""
"L2 H-on",62,"","","","","","","Hände immer am Lenkrad, keine Warnung erhalten","mehr auf die Straße geschaut, kaum gelesen ","","","","","","meiste Aufmerksamkeit bei Tablet, Szenario 2 spät erkannt, dann kurz manuell und wieder Automation aktiviert (hierzu Rückfragen an Versuchsleiter), Baustelle nicht erkannt, Notbremsung bis Stillstand (Automation versucht zu aktivieren?), Szenario 6 erkannt, manuell abgebremst, angespannt, müde, Pannenfahrzeug nicht erkannt, Notbremsung, dann nach links ausgewichen","","","","","Baustelle viel zu spät erkannt, Notbremsung, versucht Automation zu aktivieren, nict am Tablet in der Baustelle, Pannenfahrzeug recht spät erkannt, gebremst, nicht in Spiegel geschaut","i.o.","i.o. immer Hände am Lenkrad","vergessen, dass das System in der Baustelle nicht verfügbar ist, mehr Eingewähnungszeit, sonst i.o.","Szenario 2 manuell gebremst,durch Systemvertrauen wieder Automation aktiviert, Szenario 6 bemerkt, manuell und 100 gehalten","angenehm","Ablenkung durch Umgebung","",""
"L0",63,"","","","","","","","Ich hätte nicht am Tablet gespielt.","","","","teils 130, Schlangenlinien in eigener Spur, teils auch auf Standspur, kurz berührt, liest sich Texte laut vor, Szenario 1 nicht erkannt (115 km/h), fährt zwischen 100 und 130 km/h, Szenario 2 nicht erkannt, erst nach einigen hundert Meter Geschwindigkeit etwas reduziert, immer wieder Beschleunigungsvorgänge, um 120 km/h (teils auch bis zu 135 km/h) zu erreichen, bei m5 3600 Standspur in Linkskurve überquert, Szenario 3 nicht erkannt (130 km/h), dann etwas später auf 110 km/h reduziert, Anfang m7 145 km/h, Baustelle spät erkannt und auf 80 runtergebremst, beim Spurwechsel kurz Notbremsung (nicht kritisch) aktiv (Nachfrage von Probanden, da auch Blinker aktiv war), Szenario 5 erkannt, öfter Standspur kurz überquert, lange 90 km/h gefahren, auch nach 120 km/h Schild, bei m9 4500 in Linkskurve fast voll auf Standspur gekommen, Szenario 6 nicht erkannt, obwohl direkt auf Straße geschaut, ab etwa m10 konzentriertes Fahren, trotzdem teilweise bis zu 140 km/h schnell, Szenario 7 erkannt, ab m11 wieder Interaktion mit Tablet (aber nur kurz), gibt Abwechelsnd Vollgas und Leergas, angespannt, genervt, Pannenfahrzeug erkannt, Notbremsung aktiv (nicht kritisch) nach links mit Blinker ausgeschert.","","","","","","Statt Eingabe Toledo auf Weiter geklickt","Baustelle relativ spät erkannt, nach links gezogen, in Rückspiegel, Pannenfahrzeug früh gesehen, etwas gewartet (vllt fährt Auto), dann nach links und in Außenspiegel","","","i.o.","auf reale Schilder geachtet, sonst an Erkennung im Display angepasst","","","","Proband war müde, ab 2. Hälfte etwas erschöpft"
"L2 H-off",64,"","","","","","","Waren häufig, aber auch notwendig für Sicherheit","Wenn bekannt ist, dass Fehler passieren können durch das L2 System, würde ich stets aufmerksam sein und primär auf das Fahrgeschehen und nocht auf das Tablet achten","super Sache! Tolle Umsetzung!","","","","","","","schlechtes Eyetracking, auch für Windschutzscheibe, teils Probleme, Warnmeldungen zu deaktivieren (Eyetracking), Szenario 2 erkannt, teils Fahrzeugstop, weil Blicke nach vorne nicht erkannt wurden, ab m6 besseres Eyetracking, Baustelle frühzeitig erkannt, nach links gelenkt ohne Notbremsung (versucht Automation zu aktivieren?), keine Beschäftigung mit Tablet während der Baustelle, shaut auf Fahrbahn, wenn 1. Warnmeldung ertönt, Szenario 6 nicht erkannt, Pannenfahrzeug nicht erkannt, Notbrmesung bis Stillstand, dann links vorbei","Fahrzeugstop wegen fehlerhaften EyeTracking","Quiz vorzeitig beendet und neu gestartet","Baustelle: frühzeitig erkannt wegen Schildern, dann nach links, versucht die Automation zu aktivieren, keine Tabletbeschäftigung, Pannenfahrzeug erst nach Auslösung Notbremsung, dann in Stillstand und links vorbei","i.o.","bisschen nervig wegen der ABlenkung, sicherheitsmäßig passt alles, wenn es peipst, dann nach vorne schauen","in Baustelle nicht drauf geschaut, ob Automation verfügbar ist, Anzeige, ob Temposchild erkannt wurde oder nicht, wann war das letzte erkannte Schild, Signalton kurz vor einem Schild, um nach oben zu schauen","Szenario 2 gebremst und dann 100 bis 120 km/h Schild gefahren, Szenario 6 nicht erkannt, auf Schilder geachtet, aber nicht immer dann auch verglichen oder in Ferne erkannt aber dann aus der nähe nicht mehr drauf geschaut.","gute Spurführung, automatischer Spurwechsel gewünscht, level 3 take over request gewünscht","Stressig, dass man trotz Automation aufmerksam sein muss, es neigt dazu, in kritischen SItuationen unaufmerksam zu sein, weil man an das manuelle fahren nicht gewöhnt ist, einschätzung abstände, pedalgefühl, Spurhalte ist das Aktive am Fahren","","kein Platz für Füße bei der Automation"
"L2 H-on",66,"","","","","","","keine Warnungen bekommen","Ich würde nicht so lang am Tablet oder mit einer Aktivität beschäftigt sein, bei der ich den Verkehr nicht beobachte. ","","","","","","mesite Konzentration auf Tablet, ab und zu prüfende Blicke zur Fahrumgebung, Szenario 2 erkannt, dann aber recht schnell wieder Automation auf 120 km/h eingestellt, Baustelle erkannt, aber nicht reagiert (noch Tabletaufgabe), dann nach links mit Notbremsung (nicht kritisch), dann versucht, die Automation zu aktivieren in der Baustelle, etwas Schlangenfahrt manuell in Baustelle, SZenario 6 erkannt, manuell gebremst und mit 100 km/h gefahren bis nächstes 120 km/h Schild, angespannt, gelangweilt ab Ende, Pannenfahrzeug nicht erkannt Notbremsung, sehr erschrocken, nach links ausgewichen","","","","kaum EyeTracking Daten, wenn Probandin zum Tablet schaut","Baustelle: war schon am Bremsen, hat sich gewundert, warum Notbremsung angeschlagen hat, Automation versucht zu aktivieren, kurz gebraucht, um die Situation zu checken, manuelle Fahrt ungewohnt (Lenkrad hat schnell reagiert), Pannenfahrzeug richtig spät bemerkt, erst nach Notbremsung, gebremst, dann nach links, nicht in Spiegel geschaut","i.o.","keine Warnungen erhalten","verständlich, i.o.","Szenario 2: nicht sicher, wie lange Automation deaktiviert werden soll (Instruktion), Szenario 6 erkannt, manuell gebremst, erst ab 120 beschleunigt","angenehme Spurführung, kein automatischer Spurwechsel","für Langstrecken mit Tempomat praktisch, mit Spurhalte noch weniger, eine Hand am Lenkrad ausreichend, entspannt","",""
"L2 H-off",67,"","","","","","","","Ich hätte weniger häufig auf das Tablett geschaut und die Aufgaben bearbeitet.","","","","","","","","versucht Warnungen schon vor Auftreten zu deaktivieren, wenig Warnmeldungen, Szenario 2 nicht erkannt, routiniertes Abwechseln, Baustelle vor 80 km/h Schild nach links gewechselt, keine Notbremsung, dann Automation aktiviert links, deaktiviert worden von System, dann manuell gefahren, Szenario 6 nicht erkannt, kaum Warnmeldungen, Pannenfahrzeug sehr spät erkannt, dann Notbremsung und nach links","","","Baustelle: Deaktivierung der Automation erst später mitbekommen, nicht versucht, diese zu aktivieren in der Baustelle, Pannenfahrzeug erst sehr spät durch akustische Warnung, bei flüchtigem Hochschauen von Tablet nicht wahrgenommen, beim Ausweichen, aber nicht davor auf Außenspiegel geschaut ","i.o.","Warnungen logisch, zusätzlicher Stress durch Warnungen am Anfang, danach Gewöhnung, kurze flüchtige Blicke nach vorne, um Warnungen nicht zu aktivieren","spartanisch, privat Head-Up Display","Szenario 2 nicht gecheckt, Szenario 4 bewusster gesehen, aber dann unsicher, ob Schild von Proband richtig erkannt wurde. Eher Systemvertrauen als Eigenvertrauen, Beschleunigungen durch Motorengeräusch, Verzögerungen eher weniger (teils durch nicken des Bildschirms)","nicht auffällig (Spurhalte), kein automatischer Spurwechsel, besseres eigenes Vertrauen als System","für Langstrecke ,entspanntes Fahren (schon Erfahrungen mit Tempomat und ACC)","",""
"L2 H-on",68,"","","","","","","","Weniger Beschäftigung mit dem Tablet da reale Gefahrensituationen reale Unfälle generieren können","","","","","","meiste Konzentration auf Tablet, aber auch prüfende Blicke zur Fahrumgebung, Szenario 2 erkannt, aber erst etwas später reagiert, dann Automation aktiviert, gemerkt, dass diese bis 120 km/h geht, dann wieder deaktiviert und manuell bis 120 km/h Schild gefahren, Baustelle erkannt, beim Spurwechsel Notbremsung kurz aktiviert (nicht kritisch), deshalb Rückfragen zum Notbremsassistenten von Proband, Szenario 6 erkannt, manuell gefahren bis nächstes 120 km/h Schild, Pannenfahrzeug nicht erkannt, Notbremsung dann nach links","SmartEye am Anfang abgestürzt, kein EyeTracking bis min 4 etwa, 2 Logfiles","","","","Baustelle bei 80 er Schild erkannt, nach links kurz mit Notbremsung (nach links), nicht die Automation aktiviert, Umstellung auf manuelle Fahrt, Pannenfahrzeug erst bei Notbremsung bemerkt, in Spiegel geschaut und nach links","gerade Strecken nicht kontrolliert ,sonst alles kontrolliert mit HandsOn","nur Fingerspitzen, kurz irritiert wegen gedachten Kontakt, Warnung verstanden","i.o.","beide Szenarien erkannt, kurz überlegt, wie fest man die Bremse betätigen muss, dann manuell und ab 120 reaktiviert, bei Szenario 2 einmal wieder abgebremst, da AUtomation bis 120","teilweise manchmal mehr vibriert, jewissen Widerstand war in Ordnung, Spurwechsel gewünscht, persönlich nein und nur wenn Gefahrensituation hinten mit einbezogen wird.","erleichtert, gibt Sicherheit, Autobahnen, Innenstadt nicht","","akustik und Motorengeräusch wurde positiv aufgenommen, da es realisitischer wurde, aber dennoch ungewohnter zustand, beim Fahren so viel zu lesen."
"L2 H-on",69,"","","","","","","","Mehr Aufmerksamkeit für die Straße. In Studie fühlt man sich durch die Fragen und den Zeidruck gedrängt auf das Tablet zu schauen. Bei normaler Fahrt hat man diesen ""Zwang"" nicht.","","Höhere Auflösung der Projektion wäre nett","","","","meiste Zeit Beschäftigung mit Tablet, Szenario 2 nicht erkannt, Baustelle spät erkannt, nach links gewechselt, kurz Notbremsung, nicht kritisch, am Anfang der Baustelle kurz noch am Tablet, dann rein manuelle Fahrt, Szenario 6 nicht erkannt, angespannt, gelangweilt, Hände immer am Lenkrad, Pannenfahrzeug sehr spät erkennt, erst bei Notbremsung, dann stark selbst gebremst und nach links ausgewichen, kurz erschrocken gewesen","","","","","Baustelle schon füher gesehen, aber im Fokus, dass das Auto selbst den Spurwechsel durchführt, dann selber übernommen, abgebremst, nicht die Automation aktiviert, kurz auf Tablet, Reflex, aber dann Konzentration auf manuelle Fahrt, Pannenfahrzeug, sehr spät erkannt, während Schrecksekunde Notbremsung aktiviert, in Seitenspiegel geschaut, sehr stark sonst auf Verkehr geachtet","","immer eine Hand am Lenkrad, keine Warnungen erhalten","i.o., gerne Navi","nicht auf jedes Schild geachtet, sonst Systemvertrauen","guter Spurhalteassistant","sehr praktisch, aber persönlich gerne manuelle Fahrt, Spurhalteassistant super","",""
"L2 H-on",70,"Augen schließen","","","","","","Warnmeldungen hätten sehr viel früher einsetzen müssen.","","","Es ist erschreckend, wie abgelenkt ich vom Tablet war.","","","","E: etwas unwohl am Anfang, danach besser, V: teilweise Hände zwischenzeitlich nicht fest genug am Lenkrad oder nicht auf dem Lenkrad, meiste Konzentration auf Tablet, Beobachtung des Fahrgeschehens bei vorbeifahrenden Fahrzeugen, 1 HandsOff Warnung erhalten, nicht verstanden warum, teilweise noch Bremspedal bei Automation berührt, Szenario 2 nicht erkannt, Baustelle nicht erkannt, Notbremsung ausgelöst bis fast Stillstand, dann nach links, Rückfrage an Versuchsleiter, ob es das jetzt schon war, dann manuelle Fahrt bis teils 120 km/h (statt 80 km/h) nach Baustelle gedacht, dass Automation wieder aktiv, dabei Gaspedal gedrückt und ohne Kontrolle bis 150 km/h gefahren, dann Automation richtig aktiviert, Szenario 6 nicht erkannt, kaum Blicke zum Fahrgeschehen, Pannenfahrzeug überhaupt nicht erkannt, Notbremsung, auch dann noch keine Blicke zum Fahrgeschehen, bis in Stillstand, dann nach links.","","","","","Baustelle: zu spät erkannt, nicht am Tablet gewesen in der Baustelle, kein Gefühl für Gaspedal, Probandin wollte nach Baustelle Automation aktivieren, hat gedacht, dass es so wäre zusätzlich noch auf dem Gas, nach 150 km/h Automation aktiviert, Pannenfahrzeug: durch Tablet abgelenkt, total abgelenkt","i.o.","teils Hände nicht fest genug am Lenkrad gehabt","i.o.","auf Geschwindigkeiten nicht drauf geachtet, total aufs Tablet fixiert, Systemvertrauen","gut, Spurwechsel wünschenswert","Erleichterung, eher weniger in Städten zu riskant","","Tablet: schwierigkeit, das richtige zu filtern, da Aufmerksamkeit nicht ausschließlich beim Tablet war"
"L0",71,"","","","","","","","Mein Konzentration liegt zu 99% beim Fahren.","nein","","nein","viele Schlangenlinien, teils 140 km/h und dann wieder ausrollen lassen auf 100 km/h, teils größtenteils auf Standspur oder kurz Überholspur berührt und auch überquert, Szenario 1 erkannt ausrollen lassen, teils 150 km/h schnell, dann in Schlangenlinien abbremsen und beschleunigen, m3 ca. 3300m fast ganz auf Standspur gefahren, immer wieder Schlangenlinien und Berührung/Überquerung der benachbarten Fahrspuren, Szenario 2 erkannt, aber schon vorher nur 110 km/h gefahren, teils große Schlangenlinien, öfters 130-140 km/h, Fastkollision m5 mit Überholverkehr, knapp an Leitplanke vorbei, teils sehr nah dran an Überholverkehr, dann wieder serh weit nach rechts auf Standspur, Szenario 3 erst später über Verkehrsschilderkennung im Display erkannt, sehr viele Schlangenkurven, m7 3000m fast rechts die Böschung abgefahren, 150 km/h  kurz vor Baustelle gefahren, dann abgebremst, Baustelle frühzeitig erkannt, ohne Notbremsung nach links, teilweise in Baustelle  kuz auf Tablet geschaut, enge Schlangenfahrt, oft viel zu schnell (135-140 km/h), Szenario 5 erkannt, danach viele Schlangenlinien, Szenario 6 erkannt, Szenario 7 erkannt, aber sehr oft Fahrbahnabweichungen, oft zu schnell, Pannenfahrzeug nicht erkannt, Notbremsung bis Stillstand, dann links vorbei","","","","","","","Baustelle: rechtzeitig erkannt, in Baustelle auf Tablet geschaut, Pannenfahrzeug: sehr spät erkannt durch Notbremsung","","","i.o.","versucht, die Verkehrszeichen zu erkenne und darauf zu reagieren, aber nicht ganz sicher, ob alle Situationen richtig gehandelt","","","","Tabelt recht weit weg von Blickrichtung, Schreiben schwieriger, da Genauigkeit gefragt"
"L2 H-off",72,"","","","","","","","Ich wäre aufmerksamer gewesen, hätte mehr auf den Straßenverkehr geachtet und schneller auf die Warnsignale reagiert.","","","","","","","","versucht Warnungen schon vor Aktivierung mit kurzen Blicken zu deaktivieren, öfter 1. Warnmeldungen, teils auch 2 und 3. da weiterhin HandsOff, Szenario 2 nicht erkannt, 2 und 3 Warnmeldung teils auch, da Blicke nach vorne nicht sofort erkannt wurden, teilweise in 3. Warnstufe durch manuelle Fahrt kurz Überholspur überquert, Baustelle nicht erkannt, Notbremsung, dann währenddessen nach links (kritisch), in Baustelle Vorderfahrzeug sehr nah aufgefahren (teils 120 km/h), schaut öfters ins Display anstatt nach vorne, so keine Deaktivierung, Szenario 6 nicht erkannt, trotz vorherigem Fahrzeugstopp unmittelbar davor, müde, oft bei 2. Warnstufe kein HandsOn, Pannenfahrzeug sehr spät erkannt, Notbremsung bis Stillstand, dann nach links","VOrderfahrzeug Pannensituation ansehen","Quiz am Anfang beendet und neu gestartet","Baustelle: erst relativ spät erkannt, dass es überhaupt eine Baustelle ist, Notbremsung, keine Automation in Baustelle und auch nicht Tablet, Pannenfahrzeug: schon vor Notbremsung gesehen, aber zu spät, bis in Stillstand","i.o.","hat Warnungen verstanden, Piepsen war nervig, Blinken war okay, bei 2. Warnstufe auf das Display anstatt Windschutzscheibe geschaut, manchmal Automation deaktiv, damit Warnungen nicht mehr erscheinen, sonst alle paar Sekunden hochschauen","i.o.","Systemvertrauen","gute Spurführung, Spurwechsel automatisch wäre gut gewesen","manchmal nicht komplettes Vertrauen, alles in einem gutes System, sicherheitsgefühl","",""
"L2 H-off",73,"","","","Bedienes des Handys zum Musik hören","","","","","","","","","","","","Deaktiviert und Aktiviert Automation manchmal bei 2./3. Warnstufe selber (Modus/Deaktivierung der Warnmeldungen nicht immer klar), öfter bis 2. Warnstufe, leichte Überforderung, Szenario 2 nicht erkannt, obwohl nach vorne geschaut, HandsOn Fahren nach vielen Warnmeldungen, teils auf Display geschaut und nicht auf die Windschutzscheibe geschaut, um Warnungen zu deaktivieren, Baustelle frühzeitig erkannt, nach links in leichter Schlangenfahrt rüber (keine Notbremsung), in Baustelle fast an Leitplanke und Baustellenschilder, Schlangenfahrt, bei m9 4000 Fahrzeugstop wegen schlechter EyeTracking Erkennung, Szenario 6 nicht erkannt, Überforderung, genervt, Pannenfahrzeug spät erkannt, nach links ausgewichen","","schlechtes EyeTracking für Windschutzscheibe, erkennt ","Baustelle: Schild gesehen (Reißverschluss), einmal versucht die Automation zu aktiviernen, kurz Leitplanke, dann in Baustellenschild (Lenkrad leicht) kein Tablet, Pannenfahrzeug ziemlich spät, nach links ohne Spiegel","i.o.","nicht immer verstanden, aber größtenteils, auch EyeTracking Probleme verantwortlich, nicht versucht auszutricksen, waren nervig, Wichtigkeit war klar, Automatismus, das sin Display geschaut wurde, HandsOn gefahren, um 2. Warnung einfacher zu deaktivieren","i.o.","gar nicht auf Geschwindigkeiten geachtet, Systemvertrauen","sehr angenehme Spurführung, automatischer Spurwechsel praktisch, Ausweichmanöver kontrollierter dadurch","weil Probandin System nicht, es braucht Eingewöhnungszeit wie Automatik","",""
"L2 H-on",74,"","","","","","","","","","","","","","meiste Zeit am Tablet, Szenario 2 nicht erkannt, Baustelle erkannt, nach links gezogen ohne Notbremsung, in der Baustelle versucht, die Automation zu aktivieren, keine Beschäftigung mit Tablet in Baustelle, Szenario 6 nicht erkannt, kaum Blicke zum Fahrgeschehen, Pannenfahrzeug per Zufall gesehen beim Hochblicken, antizipiert und nach links gelenkt, aber mit Notbremsung ","","","","","Baustelle: bei Tempo 80, Automation versucht zu aktivieren, woltle gleich mit Frage weitermachen, beim 2. Aktivieren gecheckt, kein Tablet, Pannenfahrzeug: evtl. Blinken i nder Ferne erkannt, per Zufall nach vorne geschaut, gebremst, nach links, nicht in Spiegel geschaut","i.o.","Hände immer am Lenkrad","i.o. head up display wäre cool gewesen","Systemvertrauen, keine Schilder vergleichen, Verzögerungen/Beschelunigen nicht bemerkt, blind gefahren","serh angenehme Spurführung, in Kurven etwas vibriert","erst bisschen Vertrauen aufbauen Tempomat so schon persönlich genutzt, jede AUtomation macht Fahren entspannter, viele Kilometer für Vertrauensaufbau und Funktion (sicher), Längsführung auf Autobahn in rechter Spur  (die Geschw.) und entspannt fahren will, bei sportlicher Fahrweise nicht, Querführung, wenn das System gut funktioniert (schlechte pers. Erfahrungen)","",""
"L2 H-on",75,"","","","","","","","","","","","","","meiste Konzentration auf Tablet, 1 mal HandsOn Warnung erhalten, Szenario 2 nicht erkannt, Baustelle erkannt, aber nicht schnell genug rübergezogen auf links, Notbremsung kurz aktiv (nicht kritisch), Szenario 6 nicht erkannt, Müdigkeit, Pannenfahrzeug nicht erkannt, erst bei Notbremsung, dann nach links rüber","SmartEye Computer kurzzeitig abgemeldet ca. min 29 (Neustart Logfile und Recording SmartEye","","","","Baustelle: relativ früh aus der Entfernung gesehen dreieickiges Baustellenschild, warten bis Reisverschluss, Notbremsung (nicht kritisch), Lenkung war etwas schwierig, nicht aktiviert, da kein Symbol, am Tablet während der Baustelle, Pannenfahrzeug erst bei Notbremsung erkannt (Beschäftigung mit Frage auf Tablet), in Spiegel geschaut vor Spurwechsel links","i.o.","erst kurz verwundert, dann Display gesehen, Hand wohl zu locker am Lenkrad","auf Tempo geschaut, sonst okay","teilweise Schilder gesehen aber wenig nachgeprüft, Systemvertrauen, Verzögerungen, Beschleunigungen mitbekommen, nicht viel von Geschw.beschränkungen mitbekommen","sehr angenehme Spurführung, beim Aktivieren teils hohe Lenkeinschläge, Übernahmeaufforderung gewünscht (Level 3), automatischer Spurwechsel gewünscht","Spurhalteassistant sehr gut, will sich auch bisschen auf sich selbst verlassen","","Abbremsvorgänge komisch in der Simulation, durch ""Schwimmen"" bei Spurwechsel nicht genau, wie stark man lenkt"
"L2 H-on",76,"","","","","","","Nach Auftreten der Warnmeldung musste man sich zunächst kurz die Situation erkennen","Ich hätte mich nicht so lange/intensiv mit der fahrfremden Tätigkeit beschäftigt","","","","","","meiste Aufmerksamkeit bei Tablet, gelegentlich kurze Blicke zum Fahrgeschehen, Szenario 2 nicht erkannt, Baustelle erkannt, rechtzeitig nach links ohne Notbremsung, dann Automation aktiviert, systemseitig in Baustelel deaktiviert, dann manuelle Fahrt, nachdem Fahrzeug nach links fast in Leitplanke gefahren ist, während Baustellenfahrt am Tablet, sehr vertieft in Tablet, Szenario 6 nicht erkannt, Nacken- und Armbewegungen nach etwa 40 min, Pannenfahrzeug nicht erkannt, Notbremsung bis Stillstand, dann nach links","","","","","Baustelle: Baustellenschild am Ende vor Einfädeln, ohne Notbremsung, Automation aktiviert kurz vor Baustelle auf linker Spur, dann wieder deaktiviert und in Baustelle mitbekommen, nicht wieder versucht, zu aktivieren, am Tablet in Baustelle, Pannenfahrzeug; erst bei Notbremsung erkannt bis Stillstand","","Hände immer am Lenkrad","i.o.","Geschwindigkeiten nicht verglichen, Systemvertrauen, Geschw.ändernungen aber mitbekommen","gut, automatischer Spurwechsel wäre gut, Warnung mitteilen, Übernahmeaufforderung gewünscht (Level 3)","persönlich gerne manuell fahren, situationsabhängig (Berufsverkehr), persönliche Erfahrungen: System nerven eher, Längsführung in Ordnung, leichte Übersteuerung","",""
"L2 H-off",77,"","","","","","","","Ich hätte deutlich weniger auf das Tablet geschaut, wenn das Ziel nicht so viele Fragen wie möglich gewesen wären","","","","","","","","Abwechslung zwischen Tablet und Fahrgeschehen, zwischendurch prüfende Blicke in Umgebung, versucht teilweise die Warnungen durch kurze Blicke hin und her nicht zu aktivieren, angespannt, Szenario 2 erkannt und Automation per Button deaktiviert, dann wieder manuell gefahren zwischen 110 und 120, ab nächstem 120 km/h Schild wieder Automation aktiviert, leicht angespannt, genervt, wenig Warnmeldungen, oft auch Blicke in Rückspiegel, Baustelle frühzeitig erkannt, dann aber noch am Tablet gearbeitet, langsam nach links gelenkt (Notbremsung aktiv, aber nicht kritisch), gelangweilt, Szenario 6 erkannt, Automation deaktiviert per Button und manuell gefahren etwa 105-110, dann kurz vor 120 km/h Schild wieder Automation aktiviert, müde, Pannenfahrzeug erkannt, selbst stark abgebremst, keine Notbremsung, nach links ausgewichen.","","","Baustelle: früh erkannt, aber erst später reagiert, nach links (nicht kritisch Notbremsung), nicht versucht, die Automation zu aktivieren, kurze Umstellung auf aktiv, Spurführung, kein Tablet, Pannenfahrzeug: erkannt und stark gebremst, in Spiegel geschaut","i.o.","verstanden, relativ kurze Warnsequenzen, nach Gefühl hochgeschaut, bisschen nervig","Uhrzeit wäre gut","etwas gebremst, da Automation erst bei stärkerem Bremsdruck abwirft, dann manuell per Button deaktiviert, bei Szenario 2 nicht sicher, ob Probandin das 100 er schild richtig gesehen hat, auch so bei Szenario 6, Geschw. änderungen mitbekommen, bei nächstem 100 er schild display beobachtet","angenehme und gute Spurführung, mittig, kein automatischer Spurwechsel, möchte selbst Kontrolle haben","persönlich viel Fahren auf wenig befahrener Autobahn, entspannteres Fahren Langstrecke, nicht unbedingt HandsOff, eine Hand in der Nähe des Lenkrad für rechtzeitigen Eingriff im Notfall","","leichtes Nicken in der Automation war unangenehm"
"L2 H-on",78,"","","","","","","","","","","","","","paarmal HandsOn Warnung erhalten, sehr mit Tablet beschäftigt, Hand nur leicht am Lenkrad, Szenario 2 nicht erkannt, kaum Blicke zum Fahrgeschehen, Baustelle nicht erkannt, Notbremsung bis Stillstand, dann manuelle Fahrt, in Baustelle bis zu 110 km/h schnell, nach Baustelle kurz noch manuell gefahren, dann Automation aktiviert, Szenario 6 nicht erkannt, Probandin hat alle Fragen beantwortet zu Beginn von m11, nochmal Quiz von vorne, außschließlich Konzentration auf Quizfragen, keine Beobachtung des Fahrgeschehens, Pannenfahrzeug überhaupt nicht erkannt, Notbremsung bis Stillstand, dann nach Aufforderung nach links","","","","Schnellleserin","Baustelle: eigentlich vorher schon erkannt, aber dann Ablenkung durch Tablet, keine Tabletbeschäftigung und keien Automationversuche, Pannenfahrzeug erst bei Notbremsung erkannt.","i.o.","sofort wahrgenommen, nicht nervig, Hände nur leicht am Lenkrad, vllt auch durch Tippen am Tablet beeinflusst","einfacher umso besser","nicht regelmäßig die Geschwindigkeiten gecheckt, eher in Rückspiegel und nach vorne, Systemvertrauen","schon persönliche Erfahrungen (Volvo), ruhiges Verhalten, automatischer Spurwechsel gewünscht","in echt kein Systemvertrauen, manuelles Fahren unterstützt von Systemen (Volvo System), adaptive Geschwindigkeit gerne","schnellerer Warnton für HandsOnDetection bzw. Kameraüberwachung und Müdigkeitserinnerung, Warnton schriller und mit vibration verbunden","für Linkshänder schwieriger das Tablet zu bedienen"
"L2 H-on",79,"","","","","","","","","","","","","","häufig wechselndes Blickverhalten zwischen Tablet und Umgebung, zwischendurch Display kontrollieren, Szenario 2 eigentlich erkannt, aber dann unsicher, Baustelle frühzeitig erkannt, aber nur langsam rüber, kurz Notbremsung, nicht kritisch,kein Tablet während der Fahrt, meiste Konzentration auf Tablet, dazwischen Überholverkehr beobachten, Rückspiegel, Fahrgeschehen vorne, Szenario 6 nicht erkannt, Pannenfahrzeug nicht erkannt, Notbremsung, währenddessen nach links gezogen.","","","","keine SILAB Daten","Baustelle wahrgenommen, keine Automationsaktivierung und kein Tablet, Pannenfahrzeug nicht erkannt, Notbremsung, in Spiegel geschaut beim Lenken","i.o.","1 mal wahrgenommen, Hände unten am Lenkrad, Warnung verstanden, richtig empfunden, Hand war eigentlich am Lenkrad, zu wenig Druck","i.o.","Szenario 2 erkannt, aber nicht reagiert, weil Geschw. differenz marginal für Fahrer war, Szenario 6 nicht erkannt, Geschw. änderungen aufgefallen","i.o., wäre wünschenswert für automatischen Spurwecshel, Übernahmeaufforderung gewünscht","bequemer, gemütlicher, entspannter","",""
