"id","submitdate","lastpage","startlanguage","seed","startdate","datestamp","VPNummer","Fahrt[Manuell]","Fahrt[HandsOn]","Fahrt[HandsOff]","Probandencode[Vorname]","Probandencode[StrasseWohnort]","Probandencode[TagGeburtstag]","VertrauenNachbefragu[Einschaetzen]","VertrauenNachbefragu[ZustandSystem]","VertrauenNachbefragu[KenneSysteme]","VertrauenNachbefragu[Vetrauenswuerdig]","VertrauenNachbefragu[Unbekanntvorsichtig]","VertrauenNachbefragu[Zuverlaessig]","VertrauenNachbefragu[Unvorhersehbar]","VertrauenNachbefragu[Wohlergehen]","VertrauenNachbefragu[Vertrauen]","VertrauenNachbefragu[Ausfall]","VertrauenNachbefragu[Nachvollziehen]","VertrauenNachbefragu[Systemvertrauen]","VertrauenNachbefragu[komplizierteAufgaben]","VertrauenNachbefragu[VerlassSystem]","VertrauenNachbefragu[FehlerSystem]","VertrauenNachbefragu[VorhersageSystem]","VertrauenNachbefragu[NutzungSystem]","VertrauenNachbefragu[AutomatisierteSystem]","VertrauenNachbefragu[UeberzeugungSystem]","Akzeptanz[NuetzlichFahren]","Akzeptanz[Fahrleistung]","Akzeptanz[ZielSicher]","Akzeptanz[InteraktionSystem]","Akzeptanz[LeichtesUmgang]","Akzeptanz[EinfacheBedienung]","Akzeptanz[ErlernenBedienung]","Akzeptanz[GuteIdee]","Akzeptanz[InteressanterFahren]","Akzeptanz[SpassSystem]","Akzeptanz[MagInteraktionSystem]","Akzeptanz[SicheresFahrverhalte]","Akzeptanz[NoetigeWissen]","Akzeptanz[KompatibelSystem]","Akzeptanz[BeabsichtigungNutzun]","Akzeptanz[NutzungSystem]","Akzeptanz[NutzungMonate]","Akzeptanz[GefaehrlichSystem]","Akzeptanz[ErhoehteAufmerksamke]","Akzeptanz[AblenkenVerkehr]","Akzeptanz[Sicherfuehlen]","Akzeptanz[VerringerungUnfall]","Akzeptanz[Nichthinschauen]","Systemverstaendnis[EineHandamSteuer]","Systemverstaendnis[Uebersteuern]","Systemverstaendnis[StetsUeberwachen]","Systemverstaendnis[SystemFahrsicherheit]","Systemverstaendnis[FahrfremdeTaetigkeit]","Systemverstaendnis[Bewusstaktivieren]","Systemverstaendnis[GeschwVorfahrzeug]","Systemverstaendnis[AusgleichenFahruntau]","Systemverstaendnis[AnderePersonFahraufg]","Systemverstaendnis[KeineanderenFahrzeug]","Systemverstaendnis[Systemgrenze]","Systemverstaendnis[Lenktautomatisch]","Systemverstaendnis[UebernahmeFahrsituat]","Systemverstaendnis[WachbleibenAutomatio]","Systemverstaendnis[NiemlasUnaufgeforder]","Systemverstaendnis[Schlagloecher]","Systemverstaendnis[MindestabstandVoraus]","Systemverstaendnis[EingestellteGeschwin]","Systemverstaendnis[FahrstreifenwechselF]","SystemeigenesFahrzeu[Nachrichtenlesen]","SystemeigenesFahrzeu[HandTelefonieren]","SystemeigenesFahrzeu[FestFreisprechanlage]","SystemeigenesFahrzeu[EinstellenKlimaanlag]","SystemeigenesFahrzeu[Essen]","SystemeigenesFahrzeu[MakeUp]","SystemeigenesFahrzeu[InteraktionBeifahrer]","SystemeigenesFahrzeu[SuchenTasche]","OptionalNDRT[Nie]","OptionalNDRT[Sehrs]","OptionalNDRT[Selten]","OptionalNDRT[Geleg]","OptionalNDRT[Oft]","OptionalNDRT[SeOft]","PrivatesFahrzeug[NachrichtenHandy]","PrivatesFahrzeug[TelefonierenHandy]","PrivatesFahrzeug[Freisprechanlage]","PrivatesFahrzeug[Infotainment]","PrivatesFahrzeug[Essen]","PrivatesFahrzeug[MakeUp]","PrivatesFahrzeug[Beifahrer]","PrivatesFahrzeug[ObjekteSuchen]","OptionalNDRTManuell[Nie]","OptionalNDRTManuell[SehrSelten]","OptionalNDRTManuell[Selten]","OptionalNDRTManuell[Gelegentlich]","OptionalNDRTManuell[Oft]","OptionalNDRTManuell[SehrOft]","Warnmeldungen[Warnungenzuhaeufig]","Warnmeldungen[SichermitWarnsystem]","Warnmeldungen[FahrfremdeohneWarnun]","Warnmeldungen[Laestig]","ReaktionaufWarnung[WarumertoentWarnung]","ReaktionaufWarnung[RichtigeReaktion]","ReaktionaufWarnung[BewusstIgnoriert]","ReaktionaufWarnung[AufmerksamkeitaufFah]","OptionalAnmerkungenW","UeberwachungHOffon[UeberwachungSystem]","UeberwachungManuell[AufmerksamManuell]","AnderesVerhalten","OptionalAnderesVerha","KommentareStudie","KommentareFahrt","KommentareFahrtManue"
"5","2022-07-11 10:41:31","9","de","1633506227","2022-07-11 08:54:02","2022-07-11 10:41:31","1","Y","","","TE","LI","29","","","","","","","","","","","","","","","","","","","","","","","","","","","","","","","","","","","","","","","","","","","","","","","","","","","","","","","","","","","","","","","","","","","","","","","","","","","","SehrS","SehrS","Geleg","Nie","Selte","SehrS","Geleg","Geleg","","","","","","","","","","","","","","","","","2","Ja","weniger Interaktion mit dem Tablet. Tablet/Handy würde nur in Ausnahmen benutzt werden. Fahrfremde Tätigkeiten eher: Essen, Trinken, telefonieren (ueber Freisprecheinrichtung)","","",""
"6","","1","de","788515259","2022-07-11 12:02:43","2022-07-11 12:02:50","2","","Y","","","","","","","","","","","","","","","","","","","","","","","","","","","","","","","","","","","","","","","","","","","","","","","","","","","","","","","","","","","","","","","","","","","","","","","","","","","","","","","","","","","","","","","","","","","","","","","","","","","","","","","","","","","","",""
"7","2022-07-11 12:43:38","9","de","1825455019","2022-07-11 12:27:54","2022-07-11 12:43:38","2","","Y","","KE","PA","03","Weder","Eherz","Vollz","Vollz","Vollz","Eherz","Ehern","Vollz","Weder","Weder","Eherz","Weder","Ehern","Weder","Eherz","Eherz","Vollz","Weder","Eherz","Voll1","Nich1","Voll1","Voll2","Voll0","Voll0","Voll0","Nich2","Nich1","Neutr","Voll2","Nich1","Voll0","Nich2","Neutr","Voll2","Voll2","Voll2","Voll2","Nich2","Nich2","Nich2","Nich0","Zutre","Zutre","Zutre","Nzutr","Nzutr","Zutre","Zutre","Nzutr","Nzutr","Nzutr","Nzutr","Zutre","Zutre","Zutre","Nzutr","Zutre","Zutre","Zutre","Nzutr","Selte","Sehrs","Oft","SeOft","Gele","Nie","Gele","Sehrs","","","","","","","","","","","","","","","","","","","","","Nich1","Voll0","Nich2","Nich0","Immer","Imme2","Nie0","Immer","","AO03","","Nein","","Wahrscheinlich fahrfremde Tätigkeiten ausgeführt, jedoch nicht in dem Umfang wie mit dem Tablet ","",""
"8","2022-07-11 15:09:13","9","de","1108590122","2022-07-11 14:47:38","2022-07-11 15:09:13","3","","","Y","EA","PR","03.03","Vollz","Vollz","Vollz","Vollz","Vollz","Vollz","Garni","Vollz","Vollz","Garni","Vollz","Eherz","Weder","Eherz","Ehern","Garni","Vollz","Weder","Vollz","Voll0","Voll0","Voll0","Voll0","Voll0","Voll0","Voll0","Voll0","Neutr","Voll0","Voll1","Voll0","Voll0","Voll0","Voll0","Voll0","Voll0","Nich2","Voll0","Nich1","Voll0","Voll0","Nich2","Nzutr","Zutre","Zutre","Nzutr","Unsic","Zutre","Zutre","Nzutr","Nzutr","Nzutr","Nzutr","Nzutr","Zutre","Zutre","Nzutr","Zutre","Unsic","Nzutr","Nzutr","Selte","Gele","Gele","Gele","Oft","Nie","Oft","Nie","","","","","","","","","","","","","","","","","","","","","Voll2","Voll0","Voll0","Nich2","Imme1","Immer","Nie1","Immer","","AO05","","Nein","","Sehr gut gemacht :)","Es war eine Challenge die Fragen zu lesen und gleichzeitig den Verkehr zu beachten, aber das war auch interessant.",""
"9","2022-07-11 17:01:41","9","de","380053803","2022-07-11 16:57:50","2022-07-11 17:01:41","4","Y","","","ON","RU","25","","","","","","","","","","","","","","","","","","","","","","","","","","","","","","","","","","","","","","","","","","","","","","","","","","","","","","","","","","","","","","","","","","","","","","","","","","","","Nie","Nie","SehrS","Geleg","Selte","Nie","Geleg","Selte","","","","","","","","","","","","","","","","","1","Ja","- weniger Interaktion mit Tablet
- mehr Fokus auf Verkehr ","","","- recht lange Fahrt im Manuellen Betrieb
- aufgrund Schlafmangel heute recht müde gewesen, evtl auch weniger Aufmerksamkeit deswegen"
"10","2022-07-12 10:50:39","9","de","765748547","2022-07-12 10:34:27","2022-07-12 10:50:39","6","","","Y","SE","MA","02","Eherz","Vollz","Eherz","Eherz","Vollz","Eherz","Ehern","Weder","Eherz","Eherz","Ehern","Vollz","Ehern","Eherz","Vollz","Vollz","Eherz","Eherz","Eherz","Voll0","Nich1","Neutr","Voll2","Voll1","Voll0","Voll0","Voll0","Voll2","Voll1","Voll1","Nich2","Voll0","Voll0","Voll0","Voll0","Voll0","Voll2","Neutr","Voll2","Voll2","Nich2","Voll2","Nzutr","Zutre","Zutre","Nzutr","Nzutr","Zutre","Zutre","Nzutr","Nzutr","Nzutr","Nzutr","Zutre","Zutre","Zutre","Nzutr","Zutre","Zutre","Nzutr","Nzutr","Oft","Oft","SeOft","SeOft","SeOft","Nie","Oft","Selte","","","","","","","","","","","","","","","","","","","","","Nich1","Voll0","Voll0","Nich1","Nie2","Immer","Nie0","Imme2","","AO02","","Ja","Ich hätte nicht solch lange Texte wie in der Tätigkeit gelesen. Diese lenken dann zu sehr ab. Kürzere WhatsApps eher","","",""
"11","2022-07-12 12:49:59","9","de","1042612917","2022-07-12 12:02:42","2022-07-12 12:49:59","7","Y","","","EA","WI","24","","","","","","","","","","","","","","","","","","","","","","","","","","","","","","","","","","","","","","","","","","","","","","","","","","","","","","","","","","","","","","","","","","","","","","","","","","","","SehrS","Oft","Nie","Geleg","Selte","Nie","Selte","SehrS","","","","","","","","","","","","","","","","","1","Ja","ich hätte nicht diesen Text aufmerksam durchlesen können, um Fragen zu beantworten. Der Augenkontakt lag zu lange auf dem Tablett","","","sehr gefährlich im echten Straßenverkehr"
"12","2022-07-12 14:49:03","9","de","1877015490","2022-07-12 14:32:53","2022-07-12 14:49:03","8","","Y","","Ke","Kl","26","Eherz","Vollz","Vollz","Vollz","Eherz","Eherz","Garni","Vollz","Eherz","Garni","Vollz","Eherz","Eherz","Vollz","Eherz","Ehern","Vollz","Weder","Vollz","Voll0","Voll2","Neutr","Voll1","Voll0","Voll0","Voll0","Voll2","Nich0","Neutr","Voll2","Voll2","Voll0","Voll0","Voll0","Voll0","Voll0","Nich1","Nich1","Nich2","Voll0","Voll1","Voll0","Zutre","Zutre","Zutre","Nzutr","Nzutr","Zutre","Zutre","Nzutr","Nzutr","Nzutr","Unsic","Zutre","Zutre","Zutre","Nzutr","Unsic","Zutre","Zutre","Nzutr","Selte","Selte","SeOft","Oft","SeOft","Sehrs","SeOft","Oft","","","","Brille wechseln","","","","","","","","","","","","","","","","","Nich0","Voll0","Nich1","Nich0","Immer","Immer","Nie0","Immer","Die Warnmeldung zum stehenden Fahrzeug auf der Fahrspur war relativ kurzfristig, wenn man beachtet, dass ich eine Tätigkeit nebenbei hatte.","AO05","","Ja","Weniger auf die Tätigkeit konzentriert, dafür mehr auf das Fahrgeschehen","","",""
"13","2022-07-12 18:40:57","9","de","1947060571","2022-07-12 18:17:51","2022-07-12 18:40:56","9","","","Y","GA","PA","19","Eherz","Vollz","Eherz","Eherz","Eherz","Vollz","Ehern","Vollz","Weder","Ehern","Eherz","Vollz","Weder","Eherz","Eherz","Weder","Eherz","Eherz","Eherz","Voll0","Neutr","Voll2","Voll2","Voll1","Voll1","Voll1","Voll1","Nich0","Voll1","Voll2","Voll2","Voll2","Voll2","Voll1","Voll1","Voll2","Nich1","Voll0","Voll2","Voll2","Voll1","Neutr","Unsic","Zutre","Zutre","Nzutr","Nzutr","Zutre","Zutre","Zutre","Nzutr","Zutre","Nzutr","Zutre","Zutre","Zutre","Zutre","Zutre","Zutre","Zutre","Nzutr","Gele","Oft","Oft","Oft","Oft","Selte","Oft","Oft","","","","","","","","","","","","","","","","","","","","","Voll2","Voll0","Voll2","Nich2","Imme2","Immer","Nie1","Immer","Warnmeldung kommt auch wenn man länger in der Seitenspiegel links schaut","AO04","","Ja","weniger abgelenkt, mehr nach vorne geschaut","Gas geben, kein Feedback über wie stark man Gas gibt
Kein haptisches Feedback wenn man weisse Fahrbahnbegrenzungen überschreitet","",""
"14","2022-07-12 20:39:06","9","de","1430072642","2022-07-12 19:51:35","2022-07-12 20:39:06","10","Y","","","CA","IM","21","","","","","","","","","","","","","","","","","","","","","","","","","","","","","","","","","","","","","","","","","","","","","","","","","","","","","","","","","","","","","","","","","","","","","","","","","","","","Selte","Geleg","SeOft","Selte","Geleg","Oft","Oft","Geleg","","","","","","","","","","","","","","","","","2","Nein","","-","","gefühlt starkes ablenkungspotential durch quiz"
"15","2022-07-12 22:17:24","9","de","483902685","2022-07-12 21:22:47","2022-07-12 22:17:24","5","","Y","","te","le","10","Weder","Vollz","Ehern","Weder","Vollz","Ehern","Ehern","Weder","Ehern","Eherz","KA","Garni","Weder","Ehern","Vollz","Weder","Ehern","Eherz","Eherz","Voll0","Voll1","Neutr","Voll1","Neutr","Voll2","Voll2","Voll1","Neutr","Nich2","Nich1","Nich1","Voll1","Neutr","Nich2","Nich2","Neutr","Nich2","Nich2","Voll1","Voll2","Voll0","Nich0","Zutre","Zutre","Zutre","Nzutr","Nzutr","Zutre","Zutre","Nzutr","Nzutr","Nzutr","Nzutr","Zutre","Zutre","Zutre","Nzutr","Zutre","Zutre","Unsic","Nzutr","Sehrs","Sehrs","Oft","Gele","Oft","Sehrs","Selte","Selte","","","","","","","","","","","","","","","","","","","","","Nich0","Voll1","Nich0","Nich0","Nie0","Nie1","Nie0","Nie0","","AO03","","Nein","","","",""
"16","2022-07-13 15:58:46","9","de","1624545714","2022-07-13 15:36:58","2022-07-13 15:58:45","11","","Y","","TH","MA","12","Eherz","Vollz","Ehern","Eherz","Vollz","Eherz","Weder","Eherz","Vollz","Vollz","Vollz","Eherz","Ehern","Eherz","Vollz","Eherz","Garni","Eherz","Vollz","Voll0","Voll1","Voll2","Voll2","Voll2","Voll2","Voll1","Voll1","Neutr","Voll2","Voll2","Voll2","Voll2","Voll1","Voll0","Voll1","Voll1","Voll2","Voll1","Voll0","Voll2","Voll2","Nich0","Zutre","Zutre","Zutre","Nzutr","Nzutr","Zutre","Zutre","Nzutr","Nzutr","Nzutr","Nzutr","Zutre","Zutre","Zutre","Nzutr","Zutre","Zutre","Nzutr","Nzutr","Gele","Gele","SeOft","Gele","Selte","Nie","SeOft","Gele","","","","","","","","","","","","","","","","","","","","","Nich1","Voll0","Nich0","Nich0","Immer","Immer","Nie0","Nie0","Lieber mehr Warnmeldungen, auch mit Tönen wären mir lieber für ein sicheres Gefühl","AO03","","Ja","Besonders durch die Aufgabe am Tablet zu arbeiten wurde ich stark abgelenkt. Man hat sich durch die langen Zeiten, in denen nichts passiert ist schnell zu sicher gefühlt. In echt sind die Konsequenzen gefährlicher","evtl rechts hinten noch mehr Blicke ermöglichen","",""
"17","2022-07-13 17:30:20","9","de","935063228","2022-07-13 17:04:37","2022-07-13 17:30:20","12","","","Y","KE","CA","08","Vollz","Vollz","Vollz","Vollz","Weder","Vollz","Ehern","Vollz","Vollz","Ehern","Vollz","Vollz","Vollz","Vollz","Ehern","Ehern","Vollz","Vollz","Vollz","Voll0","Voll0","Voll1","Voll0","Voll0","Voll0","Voll0","Voll0","Voll1","Voll1","Voll1","Voll1","Voll0","Voll2","Voll0","Voll0","Voll0","Nich2","Nich2","Nich2","Voll1","Voll0","Nich2","Zutre","Zutre","Unsic","Nzutr","Nzutr","Zutre","Zutre","Unsic","Nzutr","Nzutr","Nzutr","Zutre","Zutre","Zutre","Nzutr","Zutre","Zutre","Zutre","Nzutr","Selte","Oft","Oft","Oft","Oft","Selte","Oft","Gele","","","","","","","","","","","","","","","","","","","","","Nich0","Voll0","Voll0","Nich1","Immer","Imme1","Nie0","Immer","","AO06","","Nein","","","",""
"18","2022-07-15 10:20:41","9","de","1220251846","2022-07-15 09:31:58","2022-07-15 10:20:41","13","Y","","","NA","LE","25","","","","","","","","","","","","","","","","","","","","","","","","","","","","","","","","","","","","","","","","","","","","","","","","","","","","","","","","","","","","","","","","","","","","","","","","","","","","SehrS","SehrS","Oft","Geleg","SeOft","SehrS","SeOft","Geleg","","","","","","","","","","","","","","","","","4","Nein","","","",""
"19","2022-07-15 17:19:19","9","de","438135750","2022-07-15 16:54:38","2022-07-15 17:19:19","14","","Y","","NA","ED","18","Eherz","Eherz","Eherz","Vollz","Eherz","Eherz","Garni","Vollz","Eherz","Ehern","Eherz","Eherz","Garni","Eherz","Eherz","Eherz","Eherz","Vollz","Vollz","Voll0","Voll2","Voll2","Voll0","Voll0","Voll0","Voll0","Voll0","Nich2","Voll1","Voll1","Voll1","Voll0","Voll2","Voll0","Voll0","Voll0","Nich1","Nich1","Voll2","Voll1","Voll1","Nich1","Zutre","Zutre","Zutre","Nzutr","Nzutr","Zutre","Zutre","Unsic","Nzutr","Nzutr","Unsic","Zutre","Zutre","Zutre","Nzutr","Zutre","Zutre","Zutre","Nzutr","Sehrs","Gele","Nie","Oft","Nie","Nie","Oft","Sehrs","","","","","","","","","","","","","","","","","","","","","Nich0","Voll0","Voll0","Neutr","Immer","Nie1","Nie0","Geleg","","AO03","","Ja","Geschehen besser beobachtet","Geschwindigkeit konnte nicht eingeschätzt (gefühlt) werden","",""
"20","2022-07-15 19:22:44","9","de","584128619","2022-07-15 19:04:16","2022-07-15 19:22:44","15","","","Y","JA","TH","22","Eherz","Vollz","Garni","Vollz","Weder","Eherz","Garni","Vollz","Eherz","Ehern","Vollz","Weder","Ehern","Weder","Eherz","Garni","Garni","Weder","Eherz","Voll1","Nich2","Neutr","Voll2","Voll1","Voll0","Voll1","Voll2","Voll2","Voll2","Voll2","Voll2","Voll0","Neutr","Voll2","Voll2","Voll2","Nich1","Neutr","Neutr","Voll2","Neutr","Voll2","Nzutr","Zutre","Zutre","Nzutr","Unsic","Zutre","Zutre","Zutre","Nzutr","Nzutr","Unsic","Zutre","Zutre","Zutre","Nzutr","Unsic","Zutre","Zutre","Nzutr","Oft","SeOft","SeOft","SeOft","SeOft","Selte","Oft","Gele","","","","","","","","","","","","","","","","","","","","","Nich2","Voll0","Voll0","Neutr","Immer","Imme1","Nie0","Immer","","AO03","","Ja","ich hätte mich mehr auf die umgebung konzentriert","","",""
"21","2022-07-16 10:21:03","9","de","1539772911","2022-07-16 10:17:42","2022-07-16 10:21:03","16","Y","","","NE","HO","31","","","","","","","","","","","","","","","","","","","","","","","","","","","","","","","","","","","","","","","","","","","","","","","","","","","","","","","","","","","","","","","","","","","","","","","","","","","","Nie","Nie","Nie","Oft","SehrS","Nie","Oft","Nie","","","","","","","","","","","","","","","","","1","Ja","Keine Beschäftigung mit dem Tablet, da zu gefährlich ","","","Spurenhalten war sehr schwierig für mich, besonders, wenn ich die Antwort in das Tablett eingegeben habe."
"22","2022-07-16 12:51:35","9","de","2082389508","2022-07-16 12:23:55","2022-07-16 12:51:35","17","","Y","","JA","HA","23","Eherz","Vollz","Vollz","Vollz","Vollz","Vollz","Garni","Vollz","Eherz","Ehern","Vollz","Vollz","Weder","Eherz","Ehern","Garni","Garni","Eherz","Eherz","Voll0","Neutr","Voll0","Voll0","Voll0","Voll0","Voll0","Voll0","Nich0","Neutr","Neutr","Voll0","Voll0","Neutr","Voll0","Voll0","Voll0","Nich0","Nich0","Neutr","Neutr","Voll0","Voll0","Zutre","Zutre","Zutre","Nzutr","Nzutr","Zutre","Zutre","Nzutr","Unsic","Nzutr","Nzutr","Nzutr","Zutre","Zutre","Nzutr","Unsic","Zutre","Zutre","Nzutr","Sehrs","Gele","SeOft","SeOft","SeOft","SeOft","SeOft","Selte","","","","","","","","","","","","","","","","","","","","","Nich0","Voll0","Voll1","Nich0","Immer","Immer","Nie0","Immer","","AO02","","Nein","","","",""
"23","2022-07-16 16:48:33","9","de","743962162","2022-07-16 16:24:12","2022-07-16 16:48:33","18","","","Y","RA","PO","15","Eherz","Vollz","Ehern","Weder","Ehern","Vollz","Ehern","Eherz","Eherz","Ehern","Vollz","Eherz","Eherz","Eherz","Eherz","Garni","Garni","Eherz","Eherz","Voll1","Nich1","Voll2","Voll1","Voll1","Voll2","Voll2","Voll1","Nich1","Nich2","Voll2","Nich2","Voll2","Nich1","Voll1","Voll2","Voll1","Nich1","Nich2","Voll2","Neutr","Voll2","Nich2","Nzutr","Zutre","Zutre","Nzutr","Zutre","Zutre","Zutre","Nzutr","Nzutr","Nzutr","Nzutr","Zutre","Zutre","Zutre","Nzutr","Zutre","Zutre","Zutre","Nzutr","Oft","Selte","Sehrs","Gele","Oft","Nie","Oft","Oft","","","","Landschaft/umgebung beobachten","","","","","","","","","","","","","","","","","Voll2","Nich1","Voll2","Voll2","Imme2","Nie2","Nie1","Imme2","Es erschien der Eindruck, dass das Toleranzintervall nicht immer gleich war (d.h. manchmal Warnung nach 5 Sekunden, manchmal nach 15)","AO03","","Nein","","","",""
"24","2022-07-17 18:23:33","9","de","1440475749","2022-07-17 17:56:52","2022-07-17 18:23:33","20","","Y","","ta","fr","10.30.","Garni","Eherz","Garni","Eherz","Ehern","Eherz","Garni","Vollz","Eherz","Weder","Eherz","Eherz","Garni","Weder","Weder","Ehern","Garni","Vollz","Vollz","Voll0","Neutr","Neutr","Voll0","Voll0","Voll0","Voll0","Voll0","Neutr","Voll0","Voll0","Neutr","Neutr","Neutr","Voll0","Voll0","Neutr","Neutr","Voll0","Neutr","Neutr","Nich0","Nich0","Zutre","Zutre","Zutre","Nzutr","Unsic","Zutre","Unsic","Nzutr","Nzutr","Nzutr","Nzutr","Zutre","Zutre","Zutre","Nzutr","Zutre","Zutre","Zutre","Nzutr","Nie","Nie","Oft","Gele","Selte","Nie","Gele","Nie","","","","","","","","","","","","","","","","","","","","","Nich0","Voll0","Nich0","Nich0","Immer","Immer","Nie0","Nie0","","StAuf","","Ja","ich würde nichts am am Tablet machen","","",""
"25","2022-07-17 19:52:34","9","de","2102810391","2022-07-17 19:37:56","2022-07-17 19:52:34","21","Y","","","NA","WI","03","","","","","","","","","","","","","","","","","","","","","","","","","","","","","","","","","","","","","","","","","","","","","","","","","","","","","","","","","","","","","","","","","","","","","","","","","","","","SeOft","SeOft","SeOft","Oft","Oft","Nie","SeOft","Selte","","","","","","","","","","","","","","","","","2","Nein","","","",""
"26","2022-07-17 22:08:31","9","de","87348690","2022-07-17 21:01:53","2022-07-17 22:08:31","22","Y","","","ne","ak","20","","","","","","","","","","","","","","","","","","","","","","","","","","","","","","","","","","","","","","","","","","","","","","","","","","","","","","","","","","","","","","","","","","","","","","","","","","","","Selte","Geleg","Geleg","Oft","Oft","SehrS","Oft","Selte","","","","","","","","","","","","","","","","","6","Ja","nie mit einem Tablet so lange bescheftigen währen der fahrt","","",""
"27","2022-07-18 10:18:13","9","de","448805431","2022-07-18 10:08:22","2022-07-18 10:18:13","23","Y","","","LA","BA","04","","","","","","","","","","","","","","","","","","","","","","","","","","","","","","","","","","","","","","","","","","","","","","","","","","","","","","","","","","","","","","","","","","","","","","","","","","","","SehrS","SehrS","Nie","Oft","SehrS","Nie","Geleg","SehrS","","","","","","","","","","","","","","","","","4","Ja","Keine Nutzung von externen Geräten während der Fahrt sowie kein Lesen von Texten","Abweichung zwischen Geschwindigkeit auf Schildern und der Schilderkennung","",""
"28","2022-07-18 16:25:06","9","de","1476411115","2022-07-18 15:44:15","2022-07-18 16:25:06","24","Y","","","LA","KE","12.11.","","","","","","","","","","","","","","","","","","","","","","","","","","","","","","","","","","","","","","","","","","","","","","","","","","","","","","","","","","","","","","","","","","","","","","","","","","","","SehrS","SehrS","Selte","SehrS","Geleg","SehrS","Oft","Selte","","","","","","","","","","","","","","","","","2","Ja","Ich hätte mich ganz sicher nicht so durch das Tablet ablenken lassen","","",""
"29","2022-07-18 18:17:07","9","de","809957348","2022-07-18 17:32:20","2022-07-18 18:17:07","25","Y","","","TE","HE","04","","","","","","","","","","","","","","","","","","","","","","","","","","","","","","","","","","","","","","","","","","","","","","","","","","","","","","","","","","","","","","","","","","","","","","","","","","","","Selte","SehrS","Nie","Geleg","SehrS","Nie","Oft","SehrS","","","","","","","","","","","","","","","","","2","Ja","Nicht ständig mit dem Tablet beschäftigt, vor allem, nachdem man das erste mal von der Spur abkommt","","",""
"30","2022-07-18 20:04:03","9","de","789569291","2022-07-18 19:49:34","2022-07-18 20:04:03","26","","","Y","ja","sc","30","Eherz","Weder","Vollz","Vollz","Ehern","Eherz","Garni","KA","Vollz","Eherz","Weder","Vollz","Ehern","Ehern","Vollz","Weder","Vollz","Vollz","Eherz","Voll0","Nich0","Voll2","Voll0","Voll2","Voll0","Voll0","Voll0","Nich0","Voll1","Neutr","Nich0","Neutr","Voll2","Voll2","Neutr","Voll0","Nich0","Voll2","Voll1","Nich1","Nich1","Nich0","Nzutr","Zutre","Zutre","Nzutr","Nzutr","Zutre","Zutre","Nzutr","Nzutr","Nzutr","Nzutr","Zutre","Zutre","Zutre","Nzutr","Zutre","Zutre","Zutre","Nzutr","Gele","Gele","Oft","Oft","Gele","Nie","Oft","Gele","","","","","","","","","","","","","","","","","","","","","Voll0","Nich0","Voll0","Voll0","Nie2","Nie2","Imme2","Geleg","","AO02","","Ja","Nicht die gesamte Fahrt auf das Tablet / Handy gucken um dne bonus von 30 euro zu bekommen","","",""
"31","2022-07-19 10:41:28","9","de","745397346","2022-07-19 10:27:46","2022-07-19 10:41:28","27","","Y","","IT","WE","19","Eherz","Weder","Vollz","Eherz","Vollz","Ehern","Eherz","Eherz","Eherz","Weder","Weder","Eherz","Ehern","Weder","Vollz","Ehern","Vollz","Eherz","Eherz","Voll1","Voll1","Voll2","Voll2","Voll2","Voll1","Voll1","Voll1","Nich2","Voll2","Voll2","Voll1","Voll1","Voll2","Voll1","Voll1","Voll1","Voll2","Neutr","Nich2","Voll2","Voll2","Voll1","Zutre","Zutre","Zutre","Nzutr","Zutre","Zutre","Zutre","Zutre","Nzutr","Nzutr","Nzutr","Zutre","Zutre","Zutre","Nzutr","Zutre","Zutre","Zutre","Nzutr","Oft","SeOft","Oft","Gele","SeOft","Selte","Oft","Gele","","","","","","","","","","","","","","","","","","","","","Nich1","Voll2","Voll2","Nich1","Imme2","Geleg","Nie0","Immer","","StAuf","","Nein","","","",""
"32","","","de","386029257","2022-07-19 11:44:11","2022-07-19 11:44:11","","","","","","","","","","","","","","","","","","","","","","","","","","","","","","","","","","","","","","","","","","","","","","","","","","","","","","","","","","","","","","","","","","","","","","","","","","","","","","","","","","","","","","","","","","","","","","","","","","","","","","","","","","","","","","","",""
"33","2022-07-19 12:54:58","9","de","452091458","2022-07-19 12:25:26","2022-07-19 12:54:58","28","","","Y","de","en","22","Ehern","Weder","Ehern","Eherz","Eherz","Vollz","Ehern","Eherz","Weder","Garni","Weder","Vollz","KA","Vollz","Vollz","Ehern","Garni","Eherz","Eherz","Voll0","Neutr","Voll1","Voll1","Voll0","Voll0","Voll0","Voll0","Neutr","Voll0","Voll0","Neutr","Voll0","Voll1","Voll0","Voll0","Nich0","Nich0","Nich2","Neutr","Voll0","Voll0","Voll0","Nzutr","Zutre","Nzutr","Nzutr","Nzutr","Zutre","Zutre","Nzutr","Nzutr","Nzutr","Nzutr","Zutre","Zutre","Zutre","Nzutr","Nzutr","Zutre","Zutre","Nzutr","Sehrs","Selte","Oft","Gele","Gele","Sehrs","Sehrs","Sehrs","","","","","","","","","","","","","","","","","","","","","Nich1","Voll1","Voll2","Nich0","Imme1","Geleg","Nie0","Immer","Bei Extremsituationen müßte unbedingt auch ein lautes akustisches Signal ertönen.","AO02","","Ja","Ich hätte mich garnicht mit dem Tablet beschäftigt.","","Habe mich zu sehr auf das Tablet konzentriert.",""
"34","2022-07-19 15:30:05","9","de","92790871","2022-07-19 15:11:13","2022-07-19 15:30:05","29","","Y","","UI","AM","27","Vollz","Vollz","Eherz","Eherz","Vollz","Vollz","Ehern","Vollz","Eherz","Weder","Eherz","Vollz","Ehern","Eherz","Eherz","Ehern","Eherz","Vollz","Eherz","Voll0","Voll0","Voll1","Voll0","Voll0","Voll0","Voll0","Voll0","Nich2","Voll2","Voll2","Neutr","Voll0","Voll0","Voll0","Voll0","Voll0","Nich0","Neutr","Voll1","Voll2","Voll2","Nich2","Zutre","Zutre","Nzutr","Nzutr","Zutre","Zutre","Zutre","Zutre","Nzutr","Nzutr","Zutre","Zutre","Zutre","Zutre","Nzutr","Zutre","Zutre","Zutre","Nzutr","SeOft","Gele","Selte","Gele","Oft","Sehrs","SeOft","Oft","","","","","","","","","","","","","","","","","","","In der Gegend herumschauen","","Nich1","Voll0","Nich0","Nich2","Imme2","Immer","Nie0","Immer","Einmal kam eine rote Warnung, die ich nicht ganz verstanden habe. Aber ich war dann sowieso aufmerksam, weil es eine Baustellensitution war (glaube ich)","AO05","","Ja","In dieser Studie habe ich mich durch Geldanreiz noch mehr mit dem Tablet beschäftigt. Ansonsten hätte ich vermutlich mehr in der Gegend rumgeschaut.","","Das System ist zwei mal ohne Grund von sich aus ausgefallen.",""
"35","2022-07-19 17:35:47","9","de","1020118353","2022-07-19 16:45:14","2022-07-19 17:35:47","30","Y","","","LA","MO","02","","","","","","","","","","","","","","","","","","","","","","","","","","","","","","","","","","","","","","","","","","","","","","","","","","","","","","","","","","","","","","","","","","","","","","","","","","","","SehrS","SehrS","SeOft","Oft","Geleg","Selte","Oft","Selte","","","","","","","","","","","","","","","","","3","Ja","Ich würde mich beispielsweise nicht darauf verlassen, dass das Fahrzeug vor mir die gleiche Geschwindigkeit fährt. Außerdem weiß man ja, dass in Echt nichts passieren kann während der Studie.","","",""
"36","2022-07-19 20:31:02","9","de","984290308","2022-07-19 20:07:17","2022-07-19 20:31:02","31","","","Y","LE","MU","22","Eherz","Eherz","Ehern","KA","Eherz","Eherz","Ehern","KA","Vollz","Ehern","Vollz","Vollz","Vollz","Vollz","Ehern","Weder","Garni","Eherz","Eherz","Voll1","Nich1","Nich2","Voll2","Voll1","Voll1","Voll1","Voll2","Neutr","Neutr","Voll2","Nich2","Nich2","Voll2","Neutr","Neutr","Nich2","Nich2","Voll1","Voll1","Nich2","Nich0","Nich1","Nzutr","Zutre","Zutre","Zutre","Zutre","Zutre","Zutre","Nzutr","Nzutr","Nzutr","Unsic","Zutre","Zutre","Zutre","Nzutr","Zutre","Zutre","Zutre","Nzutr","Sehrs","Nie","Gele","Gele","Nie","Nie","Gele","Sehrs","","","","","","","","","","","","","","","","","","","","","Voll1","Nich2","Voll1","Voll2","Imme2","Immer","Nie1","Immer","","AO03","","Ja","Man muss aufpassen, dass man sich durch Beschäftigung nebenher, wie ""Lesen"" nicht zu lange ablenken lässt und konzentriert bleibt beim Autofahren. Dies kann auf Dauer sehr anstrengend sein. Man sollte lieber keine Nebentätigkeiten machen und sich nur auf die L2-Automation konzentrieren. Das erleichtert auf jeden Fall das Eingreifen. ","","",""
"37","2022-07-19 22:03:04","9","de","183730138","2022-07-19 21:51:55","2022-07-19 22:03:04","32","Y","","","BI","SP","28","","","","","","","","","","","","","","","","","","","","","","","","","","","","","","","","","","","","","","","","","","","","","","","","","","","","","","","","","","","","","","","","","","","","","","","","","","","","Selte","Selte","Selte","Oft","Geleg","Nie","Oft","Geleg","","","","","","","","","","","","","","","","","3","Nein","","","",""
"38","2022-07-20 11:22:57","9","de","923616146","2022-07-20 11:17:32","2022-07-20 11:22:57","33","Y","","","IT","DR","31","","","","","","","","","","","","","","","","","","","","","","","","","","","","","","","","","","","","","","","","","","","","","","","","","","","","","","","","","","","","","","","","","","","","","","","","","","","","SehrS","SehrS","Nie","Selte","SehrS","Nie","Geleg","Geleg","","","","","","","","","","","","","","","","","2","Ja","Konzentrieter fahren","","",""
"39","2022-07-20 13:37:52","9","de","1439427637","2022-07-20 13:18:33","2022-07-20 13:37:52","34","","","Y","ia","ha","04","Vollz","Vollz","Eherz","Vollz","Eherz","Vollz","Weder","Eherz","Vollz","Eherz","Eherz","Eherz","Eherz","Vollz","Weder","Weder","Eherz","Vollz","Vollz","Voll0","Voll0","Voll0","Voll0","Voll0","Voll0","Voll0","Voll0","Voll0","Voll0","Voll0","Voll0","Voll0","Voll0","Voll0","Voll0","Voll0","Nich0","Voll1","Nich1","Voll0","Voll0","Voll1","Zutre","Zutre","Unsic","Zutre","Zutre","Zutre","Zutre","Zutre","Unsic","Unsic","Zutre","Zutre","Zutre","Zutre","Unsic","Unsic","Zutre","Zutre","Zutre","Sehrs","Selte","Gele","Gele","Oft","Selte","Gele","Selte","","","","","","","","","","","","","","","","","","","","","Voll2","Voll0","Voll1","Nich0","Immer","Immer","Nie0","Nie1","","StAuf","","Nein","","","",""
"40","2022-07-20 17:54:22","9","de","150701733","2022-07-20 17:47:01","2022-07-20 17:54:22","35","Y","","","RA","BA","24","","","","","","","","","","","","","","","","","","","","","","","","","","","","","","","","","","","","","","","","","","","","","","","","","","","","","","","","","","","","","","","","","","","","","","","","","","","","Nie","Nie","Geleg","Geleg","Geleg","Nie","SeOft","SehrS","","","","","","","","","","","","","","","","","1","Ja","Ich hätte mich nur auf den Verkehr und die Verkehrsschilder konzentriert.","- Geschwindigkeit schlecht abzulesen -> vorbeirauschen der Landschaft gefühlt unabhängig von Geschwindigkeit
","",""
"41","2022-07-20 20:09:30","9","de","1554659582","2022-07-20 19:57:40","2022-07-20 20:09:30","36","","Y","","MA","FR","19","Eherz","Eherz","Eherz","Vollz","Weder","Eherz","Vollz","Vollz","Weder","Weder","Weder","Eherz","Eherz","Eherz","Eherz","Ehern","Eherz","Vollz","Vollz","Voll1","Voll1","Voll2","Voll1","Voll1","Voll1","Voll1","Voll1","Voll1","Voll1","Voll1","Voll1","Voll1","Voll2","Voll1","Voll1","Voll2","Nich1","Nich1","Nich1","Voll1","Voll1","Nich2","Zutre","Zutre","Zutre","Nzutr","Nzutr","Zutre","Zutre","Nzutr","Nzutr","Nzutr","Nzutr","Zutre","Zutre","Zutre","Nzutr","Zutre","Zutre","Zutre","Nzutr","Nie","Nie","Selte","Selte","Selte","Nie","Sehrs","Sehrs","","","","","","","","","","","","","","","","","Blick nach recht oder links","","","","Nich1","Voll2","Nich1","Nich1","Immer","Imme2","Nie1","Imme2","","AO05","","Ja","Ich würde nicht abgelenkt sein mit dem Ipad, sondern mich mehr auf die Straße konzentrieren","","",""
"42","2022-07-20 21:57:50","9","de","1438381344","2022-07-20 21:36:10","2022-07-20 21:57:50","37","","Y","","ka","da","02","Eherz","Weder","Weder","Eherz","Vollz","Weder","Eherz","Vollz","Ehern","Vollz","Weder","Vollz","Weder","Vollz","Vollz","Vollz","Weder","Vollz","Weder","Voll0","Nich0","Voll1","Nich2","Voll2","Voll1","Voll2","Neutr","Neutr","Voll2","Voll2","Nich1","Voll1","Neutr","Nich2","Neutr","Neutr","Voll1","Voll1","Voll1","Nich1","Nich0","Nich0","Zutre","Zutre","Zutre","Nzutr","Nzutr","Zutre","Zutre","Zutre","Nzutr","Nzutr","Nzutr","Zutre","Zutre","Zutre","Nzutr","Zutre","Zutre","Zutre","Nzutr","Selte","Gele","Gele","Gele","Oft","Selte","SeOft","Selte","","","","","","","","","","","","","","","In Tablet anschauen","make up","in der Tasche schauen","SMS schreiben","Telefonieren","Gespräche führen","Nich0","Nich0","Nich0","Nich0","Nie0","Nie0","Nie0","Nie0","keine Wanungen erhalten","AO04","","Ja","auf die Strasse schauen,mich nicht miz Quiz ider ähnliches beschäftigen","das System wäre perfekt, wenn den Gefahr auf der Strasse erkennen würde","es ist super bei der voller Aufmerksamkeit",""
"43","2022-07-21 10:47:08","9","de","1525355020","2022-07-21 10:29:42","2022-07-21 10:47:08","38","Y","","","rd","wa","18","","","","","","","","","","","","","","","","","","","","","","","","","","","","","","","","","","","","","","","","","","","","","","","","","","","","","","","","","","","","","","","","","","","","","","","","","","","","Nie","SehrS","Geleg","Geleg","Geleg","Nie","SehrS","SehrS","","","","","","","","","","","","","","","","","3","Ja","ich hätte mich nicht mit einem Tablet beschäftigt und das Radio gemacht","lieber einen Kaugummi und eine Tüte ins Auto legen...","","körperlich anstrengend, das nach rechts schauen geht in den Nacken"
"44","2022-07-21 12:52:06","9","de","339509118","2022-07-21 12:35:35","2022-07-21 12:52:06","39","","","Y","ne","gü","18","Vollz","Vollz","Vollz","Vollz","Vollz","Vollz","Ehern","Vollz","Vollz","Eherz","Vollz","Vollz","Eherz","Vollz","Ehern","Ehern","Eherz","Vollz","Vollz","Voll1","Voll1","Voll1","Voll1","Voll2","Voll1","Voll1","Voll1","Voll1","Voll1","Voll1","Voll1","Voll1","Voll1","Voll1","Voll1","Voll1","Nich1","Neutr","Voll1","Voll1","Voll1","Voll1","Zutre","Zutre","Nzutr","Zutre","Nzutr","Zutre","Zutre","Nzutr","Zutre","Zutre","Zutre","Zutre","Zutre","Zutre","Zutre","Unsic","Zutre","Zutre","Zutre","Selte","Gele","Gele","Selte","Selte","Sehrs","Selte","Gele","","","","","","","","","","","","","","","","","","","","","Voll2","Voll2","Neutr","Nich2","Geleg","Imme1","Nie0","Nie1","","StAuf","","Nein","","","",""
"45","2022-07-21 16:36:20","9","de","668167184","2022-07-21 16:27:05","2022-07-21 16:36:20","40","Y","","","TA","KE","09.05.","","","","","","","","","","","","","","","","","","","","","","","","","","","","","","","","","","","","","","","","","","","","","","","","","","","","","","","","","","","","","","","","","","","","","","","","","","","","Nie","Nie","Nie","Nie","Nie","Nie","Nie","SehrS","","","","","","","","","","","","","","","","","1","Nein","","","","stressig"
"46","2022-07-21 18:37:33","9","de","41793471","2022-07-21 18:13:58","2022-07-21 18:37:33","41","","Y","","ra","an","23","Eherz","Eherz","Garni","Eherz","KA","Ehern","Ehern","Eherz","Eherz","Weder","Weder","Eherz","Weder","Weder","Eherz","Weder","Garni","Ehern","Weder","Voll0","Voll2","Nich2","Neutr","Voll1","Voll1","Voll1","Voll1","Neutr","Voll2","Voll2","Neutr","Voll2","Voll1","Voll0","Voll0","Voll0","Nich1","Nich1","Neutr","Voll2","Neutr","Voll1","Zutre","Zutre","Zutre","Zutre","Zutre","Zutre","Zutre","Zutre","Nzutr","Zutre","Unsic","Zutre","Zutre","Zutre","Nzutr","Unsic","Zutre","Zutre","Nzutr","Gele","Gele","Gele","Gele","Oft","Oft","SeOft","Sehrs","","","","","","","","","","","","","","","","","","","","","Nich0","Nich0","Nich0","Nich0","Nie0","Nie0","Nie0","Nie0","Hatte die Hände immer am Lenkrad somit keine Wanmeldungen","AO04","","Nein","","Nebenbeschäftigung mit Computer war zu zeitintensiv für einen sicheren Faherbetrieb","",""
"47","2022-07-21 20:49:08","9","de","1287340669","2022-07-21 20:26:19","2022-07-21 20:49:07","42","","","Y","RA","AL","28","Eherz","Vollz","Ehern","Eherz","Eherz","Eherz","Ehern","KA","Eherz","Ehern","Vollz","Eherz","Eherz","Eherz","Weder","Ehern","Ehern","Eherz","Eherz","Voll0","Neutr","Voll2","Voll1","Voll1","Voll0","Voll0","Voll0","Nich1","Voll1","Voll1","Neutr","Voll0","Voll0","Voll0","Voll0","Voll0","Voll2","Voll2","Voll2","Voll1","Neutr","Nich1","Nzutr","Zutre","Unsic","Nzutr","Unsic","Zutre","Zutre","Unsic","Nzutr","Nzutr","Unsic","Zutre","Unsic","Zutre","Nzutr","Zutre","Zutre","Zutre","Nzutr","Gele","Selte","Oft","Oft","Gele","Nie","Oft","Sehrs","","","","","","","","","","","","","","","","","","","","","Nich0","Voll0","Nich0","Nich0","Immer","Imme2","Nie0","Immer","","AO02","","Ja","Ich wäre sicher aufmerksamer bzgl. des Fahrgeschehens gewesen.","","",""
"48","2022-07-22 10:58:55","9","de","1930430095","2022-07-22 10:45:52","2022-07-22 10:58:55","43","","Y","","YV","BU","19","Eherz","Vollz","Garni","Eherz","Eherz","Ehern","Eherz","Eherz","Weder","Weder","Ehern","Ehern","Ehern","Weder","Vollz","Eherz","Garni","Eherz","Weder","Voll2","Nich2","Neutr","Neutr","Voll2","Neutr","Neutr","Neutr","Nich1","Neutr","Neutr","Nich2","Voll2","Neutr","Voll2","Voll2","Voll2","Neutr","Voll0","Voll2","Neutr","Nich2","Neutr","Zutre","Zutre","Zutre","Nzutr","Unsic","Zutre","Zutre","Unsic","Nzutr","Nzutr","Nzutr","Zutre","Zutre","Zutre","Nzutr","Zutre","Zutre","Zutre","Unsic","Sehrs","Nie","Gele","Gele","Oft","Sehrs","Oft","Oft","","","","","","","","","","","","","","","","","","","","","Nich0","Voll1","Nich2","Nich0","Immer","Nie0","Nie0","Immer","","AO03","","Ja","Bei erstmaligem Verwenden des Systems keine anderen Aufgaben","","Nach Warnung war es nicht klar wie das System auszuschalten ist bzw wie ich die Fahraufgabe nun ausführen sollte. Hatte z.B. die Baustelle erkannt aber konnte das System nicht ausreichend schnell deaktivieren.",""
"49","2022-07-22 12:45:11","9","de","1511570050","2022-07-22 12:29:36","2022-07-22 12:45:10","44","","","Y","ER","RU","06","Vollz","Eherz","Garni","Vollz","KA","Vollz","Ehern","Vollz","Eherz","KA","Vollz","KA","Weder","Eherz","Ehern","Weder","Garni","KA","Vollz","Voll1","Neutr","Neutr","Voll1","Voll2","Voll1","Voll1","Voll1","Neutr","Neutr","Neutr","Neutr","Voll2","Neutr","Voll1","Voll1","Voll2","Nich2","Neutr","Neutr","Voll2","Voll2","Neutr","Nzutr","Zutre","Unsic","Unsic","Zutre","Zutre","Zutre","Unsic","Unsic","Unsic","Zutre","Zutre","Zutre","Zutre","Nzutr","Zutre","Zutre","Zutre","Nzutr","Sehrs","Selte","Gele","Nie","Gele","Sehrs","Gele","Nie","Nachrichten abtippen","","","","Essen","","","","","","","","","","","","","","","","Neutr","Voll0","Voll1","Nich1","Immer","Imme1","Nie0","Immer","","AO05","","Ja","Ich hätte mich nicht mit fahrfremden Tätigkeiten beschäftigt. ","","",""
"50","2022-07-23 18:19:29","9","de","1780884800","2022-07-23 18:09:55","2022-07-23 18:19:29","45","","Y","","TE","BE","28","Eherz","Weder","Weder","Weder","Eherz","Weder","Weder","Eherz","Weder","Weder","Weder","Weder","Weder","Weder","Eherz","Weder","Ehern","Weder","Weder","Voll1","Voll2","Neutr","Neutr","Voll1","Voll1","Voll1","Voll1","Nich2","Neutr","Neutr","Neutr","Voll1","Voll2","Voll2","Voll2","Voll2","Neutr","Nich2","Neutr","Nich2","Neutr","Neutr","Zutre","Zutre","Zutre","Nzutr","Zutre","Zutre","Zutre","Nzutr","Nzutr","Nzutr","Nzutr","Zutre","Zutre","Zutre","Nzutr","Zutre","Zutre","Zutre","Nzutr","Oft","Oft","Oft","Selte","SeOft","Sehrs","Gele","Oft","","","","","","","","","","","","","","","","","","","","","Nich2","Neutr","Nich0","Nich0","Geleg","Geleg","Nie1","Nie1","","AO04","","Nein","","","",""
"51","2022-07-23 20:00:54","9","de","1125094058","2022-07-23 19:40:15","2022-07-23 20:00:54","46","","Y","","tl","mo","03","Eherz","Eherz","Ehern","Vollz","Eherz","Eherz","Ehern","Vollz","Eherz","Ehern","Vollz","Eherz","Weder","Eherz","Ehern","Eherz","Ehern","Eherz","Eherz","Voll1","Voll2","Voll2","Voll2","Voll2","Voll2","Voll2","Voll2","Voll2","Voll2","Voll2","Voll2","Voll2","Neutr","Voll1","Voll1","Voll2","Nich1","Voll2","Nich1","Voll2","Voll2","Nich2","Zutre","Zutre","Zutre","Nzutr","Zutre","Zutre","Zutre","Nzutr","Nzutr","Nzutr","Zutre","Zutre","Zutre","Zutre","Nzutr","Zutre","Zutre","Nzutr","Nzutr","Gele","Selte","Oft","Oft","Oft","Selte","Oft","Sehrs","","","","","","","","","","","","","","","","","","","","","Nich0","Nich0","Nich0","Nich0","Nie0","Nie0","Nie0","Nie0","Kam nicht vor, eine Hand war immer am Lenkrad.","AO02","","Ja","weil ich generell bei führen eines Fahrzeuges mich nur mit dem Verkehr beschäfftige.","","",""
"52","2022-07-24 13:29:13","9","de","1132141828","2022-07-24 13:05:09","2022-07-24 13:29:13","47","","Y","","UN","MA","11","Ehern","Eherz","Garni","Eherz","Vollz","Weder","Garni","KA","Eherz","Ehern","Vollz","Eherz","Weder","Weder","Eherz","Garni","Garni","Weder","Eherz","Voll2","Nich2","Nich2","Voll2","Voll2","Voll1","Voll1","Neutr","Nich0","Neutr","Neutr","Nich2","Nich2","Nich2","Neutr","Neutr","Nich2","Voll2","Voll2","Voll1","Nich2","Nich1","Nich0","Zutre","Zutre","Zutre","Nzutr","Zutre","Zutre","Zutre","Nzutr","Nzutr","Nzutr","Nzutr","Nzutr","Zutre","Zutre","Nzutr","Unsic","Zutre","Zutre","Nzutr","Sehrs","Selte","Gele","Sehrs","Gele","Nie","Selte","Selte","","","","","","","","","","","","","","","","","","","","","Nich0","Voll0","Voll2","Nich0","Nie0","Nie0","Nie0","Nie0","Ich habe keine Warnmelung gehabt dass ich meine Hände vom Steuer genommen habe","AO05","","Nein","","","",""
"53","2022-07-24 15:16:06","9","de","968496163","2022-07-24 14:54:39","2022-07-24 15:16:06","48","","","Y","IA","AD","29","Eherz","Eherz","Eherz","Vollz","Vollz","Eherz","Ehern","Vollz","Eherz","Ehern","Eherz","Weder","Vollz","Eherz","Vollz","Ehern","Eherz","Weder","Vollz","Voll0","Nich1","Voll1","Voll0","Voll0","Voll0","Voll0","Voll0","Voll1","Voll0","Voll0","Voll1","Voll1","Voll0","Voll0","Voll0","Voll0","Voll2","Voll2","Nich2","Voll1","Nich2","Nich0","Zutre","Zutre","Zutre","Zutre","Nzutr","Zutre","Zutre","Nzutr","Nzutr","Nzutr","Nzutr","Zutre","Zutre","Zutre","Nzutr","Zutre","Zutre","Zutre","Nzutr","Gele","Gele","SeOft","SeOft","Oft","Sehrs","Oft","Gele","","","","","","","","","","","","","","","","","","","","","Nich0","Voll0","Voll0","Nich1","Immer","Immer","Nie0","Immer","","AO05","","Ja","Generell weniger oder weniger komplexen Nebentätigkeiten nachgehen","","Widerstand bei Lenkbewegung und aktiviertem System.. Wird erst größer, dann plötzlich null, gefährlich?",""
"54","2022-07-24 19:54:15","9","de","2079775120","2022-07-24 19:37:06","2022-07-24 19:54:15","49","","Y","","NA","Bä","28.08.1993","Eherz","Eherz","Ehern","Vollz","Weder","Eherz","Ehern","Vollz","Vollz","Ehern","Eherz","Eherz","Weder","Eherz","Weder","Ehern","Garni","Eherz","Eherz","Voll0","Neutr","Voll2","Voll0","Voll1","Voll0","Neutr","Voll1","Nich2","Neutr","Voll1","Neutr","Voll1","Voll2","Voll2","Voll1","Voll1","Nich1","Neutr","Nich2","Voll2","Voll2","Nich1","Zutre","Zutre","Unsic","Zutre","Unsic","Nzutr","Zutre","Zutre","Unsic","Unsic","Nzutr","Zutre","Zutre","Zutre","Unsic","Unsic","Zutre","Zutre","Zutre","Sehrs","Nie","Selte","Gele","Gele","Nie","Gele","Sehrs","","","","","","","","","","","","","","","","","","","","","Nich0","Nich0","Nich0","Nich0","Nie0","Nie0","Nie0","Nie0","Hände immer am Lenkrad, keine Warnungen erhalten.","AO02","","Ja","Ich wurde nicht so viel am Tablet oder am Handy sein. ","","",""
"55","2022-07-26 15:10:19","9","de","908981437","2022-07-26 14:59:12","2022-07-26 15:10:19","50","Y","","","TH","MÜ / EG","26","","","","","","","","","","","","","","","","","","","","","","","","","","","","","","","","","","","","","","","","","","","","","","","","","","","","","","","","","","","","","","","","","","","","","","","","","","","","Nie","SehrS","Oft","SeOft","SehrS","Nie","SeOft","SeOft","","","","","","","","","","","","","","","","","0","Ja","Auf gar keinen Fall in diesem Umfang mit fahrfremden Tätigkeiten beschäftigt. Sehr selten mal am Handy. Infotainment oft.","","",""
"56","2022-07-26 20:47:10","9","de","1636665685","2022-07-26 20:17:59","2022-07-26 20:47:10","51","","Y","","RE","LE","23","Eherz","Vollz","Vollz","KA","Eherz","Eherz","Ehern","KA","Ehern","KA","Ehern","Ehern","Weder","Weder","Vollz","Vollz","Eherz","KA","Ehern","Voll1","Nich0","Nich0","Neutr","Voll2","Voll0","Voll0","Neutr","Nich0","Nich0","Nich0","Nich1","Voll0","Voll2","Nich1","Nich1","Nich1","Voll1","Nich1","Voll1","Voll1","Nich1","Nich0","Zutre","Zutre","Zutre","Nzutr","Nzutr","Zutre","Zutre","Nzutr","Nzutr","Nzutr","Nzutr","Zutre","Zutre","Zutre","Nzutr","Zutre","Zutre","Zutre","Nzutr","SeOft","Nie","Oft","Gele","Gele","Nie","Selte","Sehrs","","","","","","","","","","","","","","","","","","","","","Nich0","Nich0","Nich0","Nich0","Nie0","Nie0","Nie0","Nie0","Hände waren immer am Lenkrad","AO04","","Ja","würde mich nicht durch Tablet oder Handy ablenken lassen","","",""
"57","2022-07-27 14:19:04","9","de","1012950191","2022-07-27 13:57:21","2022-07-27 14:19:04","52","","Y","","id","Ke","12","Eherz","Ehern","Garni","Vollz","Vollz","Vollz","Garni","Eherz","Ehern","Ehern","Vollz","Ehern","Ehern","Ehern","Weder","Ehern","Garni","Weder","Eherz","Voll1","Nich1","Neutr","Neutr","Voll1","Voll1","Voll1","Voll1","Nich0","Neutr","Neutr","Nich1","Voll0","Neutr","Voll1","Voll1","Voll1","Neutr","Voll1","Neutr","Nich1","Neutr","Nich1","Zutre","Zutre","Zutre","Nzutr","Nzutr","Zutre","Zutre","Nzutr","Nzutr","Nzutr","Nzutr","Zutre","Zutre","Zutre","Nzutr","Zutre","Zutre","Zutre","Nzutr","Nie","Nie","Oft","Gele","Oft","Nie","Oft","Selte","","","","","","","","","","","","","","","","","","","","","Nich2","Voll0","Nich0","Nich0","Immer","Immer","Nie0","Imme2","","StAuf","","Ja","Ablenkung vermeiden","","",""
"58","2022-07-27 16:12:49","9","de","896917699","2022-07-27 15:54:48","2022-07-27 16:12:49","53","","","Y","EL","RA","28","Vollz","Vollz","Ehern","Weder","Eherz","Vollz","Ehern","Weder","Vollz","Garni","Eherz","Eherz","Weder","Eherz","Eherz","Ehern","Ehern","Eherz","Eherz","Voll1","Nich2","Neutr","Voll1","Voll2","Voll2","Voll2","Voll2","Voll2","Voll2","Voll2","Neutr","Voll2","Nich2","Neutr","Neutr","Nich2","Nich1","Nich2","Nich1","Neutr","Voll2","Nich1","Nzutr","Zutre","Zutre","Nzutr","Nzutr","Zutre","Zutre","Nzutr","Nzutr","Nzutr","Nzutr","Zutre","Zutre","Zutre","Nzutr","Zutre","Zutre","Zutre","Nzutr","Gele","Oft","Oft","SeOft","Oft","Gele","SeOft","Selte","","","","","","","","","","","","","","","","","","","","","Nich2","Voll1","Voll2","Nich2","Imme1","Immer","Nie1","Immer","","AO03","","Ja","Nicht so oft auf Tablet geschaut ","","",""
"59","2022-07-27 17:26:40","9","de","162850620","2022-07-27 17:14:17","2022-07-27 17:26:40","54","","","Y","la","am","11","Eherz","Eherz","Vollz","Vollz","Eherz","Eherz","Ehern","Vollz","Eherz","Weder","Vollz","Eherz","Ehern","Eherz","Eherz","Ehern","Vollz","Eherz","Eherz","Voll1","Nich1","Voll0","Voll1","Voll0","Voll0","Voll0","Voll0","Voll2","Voll2","Voll1","Voll1","Voll0","Voll0","Voll0","Voll2","Voll2","Nich2","Nich2","Voll1","Voll1","Voll2","Voll1","Zutre","Zutre","Unsic","Nzutr","Nzutr","Zutre","Zutre","Nzutr","Nzutr","Nzutr","Nzutr","Nzutr","Zutre","Zutre","Nzutr","Zutre","Zutre","Zutre","Nzutr","Oft","Oft","Oft","Gele","Oft","Nie","Gele","Gele","","","","","","","","","","","","","","","","","","","","","Voll1","Voll1","Neutr","Voll2","Imme1","Imme1","Imme1","Imme1","","AO05","","Nein","","","",""
"60","2022-07-27 19:52:31","9","de","1893124857","2022-07-27 19:42:37","2022-07-27 19:52:31","55","","","Y","RA","KE","20","Vollz","Eherz","Eherz","Vollz","Eherz","Vollz","Weder","Vollz","Vollz","Garni","Vollz","Weder","Vollz","Vollz","Vollz","Ehern","Eherz","Weder","Vollz","Voll0","Voll0","Voll2","Voll2","Voll1","Voll1","Voll1","Voll0","Voll0","Voll0","Voll0","Voll2","Voll0","Voll1","Voll0","Voll1","Voll1","Nich1","Neutr","Nich1","Voll1","Voll1","Voll1","Nzutr","Zutre","Zutre","Nzutr","Zutre","Zutre","Zutre","Nzutr","Nzutr","Nzutr","Nzutr","Zutre","Zutre","Zutre","Nzutr","Zutre","Zutre","Zutre","Nzutr","Nie","Gele","Oft","Oft","Nie","Nie","Oft","Gele","","","","","","","","","","","","","","","","","","","","","Nich1","Voll0","Voll2","Voll2","Imme1","Imme1","Nie0","Imme1","","AO05","","Nein","","","Das System war gut",""
"61","2022-07-27 22:59:13","9","de","1722089620","2022-07-27 22:41:46","2022-07-27 22:59:13","56","","Y","","MA","LE","19","Weder","Eherz","Ehern","Weder","Eherz","Weder","Weder","Weder","Weder","Eherz","Weder","Eherz","Ehern","Weder","Vollz","Eherz","Ehern","Eherz","Eherz","Voll1","Voll1","Neutr","Neutr","Voll2","Voll1","Voll2","Voll1","Voll2","Voll2","Voll2","Neutr","Voll2","Voll1","Voll2","Voll1","Voll1","Neutr","Voll0","Neutr","Voll2","Voll2","Nich0","Zutre","Zutre","Zutre","Nzutr","Nzutr","Zutre","Zutre","Zutre","Nzutr","Nzutr","Nzutr","Zutre","Zutre","Zutre","Nzutr","Zutre","Zutre","Zutre","Nzutr","Nie","Sehrs","Oft","Gele","Nie","Nie","Gele","Nie","","","","","","","","","","","","","","","","","","","","","Nich0","Nich0","Nich0","Nich0","Nie0","Nie0","Nie0","Nie0","Hand immer am Lenkrad, keine Warnmeldung erhalten","AO04","","Ja","","","",""
"62","2022-08-01 15:07:48","9","de","1069420553","2022-08-01 14:40:45","2022-08-01 15:07:48","57","","","Y","te","kr","30","Vollz","Vollz","Vollz","Vollz","Eherz","Eherz","Garni","Vollz","Vollz","Weder","Eherz","Vollz","Weder","Vollz","Eherz","Garni","Eherz","Eherz","Vollz","Voll0","Voll1","Voll2","Voll1","Voll0","Voll0","Voll0","Voll0","Voll1","Voll0","Voll0","Voll2","Voll0","Voll1","Voll0","Voll0","Voll0","Nich2","Nich2","Nich1","Voll0","Voll0","Nich1","Nzutr","Zutre","Zutre","Nzutr","Nzutr","Zutre","Zutre","Nzutr","Nzutr","Nzutr","Nzutr","Zutre","Zutre","Zutre","Nzutr","Zutre","Zutre","Zutre","Nzutr","Selte","Gele","Oft","Selte","Oft","Nie","Gele","Gele","","","","","","","","","","","","","","","","","","","","","Neutr","Voll2","Voll2","Voll2","Immer","Imme1","Imme2","Imme2","","AO03","","Ja","Eigenes Auto - mehr auf Sicherheit bedacht","Gleich Rückmeldung, ob eine Frage richtig beantwortet wurde","",""
"63","2022-08-01 19:43:00","9","de","","2022-08-01 19:33:00","2022-08-01 19:43:00","58","","","Y","IE","MU","14","Eherz","Vollz","Vollz","Vollz","Eherz","Eherz","Garni","Vollz","Vollz","Ehern","Vollz","Vollz","Eherz","Vollz","Ehern","Weder","Vollz","Weder","Vollz","Voll0","Voll0","Voll0","Voll0","Voll0","Voll0","Voll0","Voll0","Nich0","Voll0","Voll0","Neutr","Voll0","Voll0","Voll0","Voll0","Voll0","Nich0","Nich1","Nich1","Voll1","Voll0","Voll0","Nzutr","Zutre","Zutre","Nzutr","Zutre","Zutre","Zutre","Nzutr","Nzutr","Nzutr","Nzutr","Zutre","Zutre","Zutre","Nzutr","Zutre","Zutre","Zutre","Nzutr","Nie","Selte","SeOft","SeOft","Gele","Nie","SeOft","Sehrs","","","","","","","","","","","","","","","","","","","","","Nich2","Voll0","Voll0","Nich0","Immer","Immer","Nie0","Immer","","AO05","","Ja","Ich hätte mich nicht so viel mit dem Tablet beschäftigt","","",""
"64","2022-08-02 09:39:38","9","de","683537627","2022-08-02 09:22:58","2022-08-02 09:39:38","59","","","Y","na","Pr","03","Eherz","Vollz","Vollz","Vollz","Eherz","Eherz","Ehern","Vollz","Eherz","Ehern","Eherz","Eherz","Weder","Eherz","Weder","Ehern","Vollz","Eherz","Vollz","Voll0","Voll0","Voll0","Voll0","Voll0","Voll0","Voll0","Voll0","Voll2","Voll1","Voll1","Voll0","Voll0","Voll0","Voll0","Voll0","Voll1","Nich1","Neutr","Nich1","Voll2","Voll2","Voll1","Nzutr","Zutre","Zutre","Nzutr","Nzutr","Zutre","Zutre","Nzutr","Nzutr","Nzutr","Nzutr","Zutre","Zutre","Zutre","Nzutr","Zutre","Zutre","Zutre","Nzutr","Sehrs","Sehrs","Gele","Oft","Gele","Nie","SeOft","Gele","","","","","","","","","","","","","","","","","","","","","Voll2","Voll0","Voll0","Voll1","Imme1","Imme2","Nie2","Imme1","","AO06","","Ja","ich denke ich wäre weniger stark abgelenkt mit einer nebentätigkeit, bwz wäre ich weniger oft mit meiner Aufmerksamkeit hin und her gewechselt zwischen Fahren und Tablet/ Aufgaben lösen. Da die Aufgaben jedoch mit Zeitdruck verbunden waren, lag hier mein Fokus klar mehr auf den Aufgaben.","","",""
"65","2022-08-02 13:49:50","9","de","463693291","2022-08-02 13:11:33","2022-08-02 13:49:50","60","","","Y","th","tr","30.","Eherz","Weder","KA","Weder","Eherz","Eherz","Ehern","Eherz","Weder","KA","Eherz","KA","Weder","Weder","Eherz","KA","Weder","KA","Weder","Voll1","Neutr","Voll2","Neutr","Neutr","Voll2","Voll2","Voll2","Neutr","Neutr","Neutr","Voll2","Neutr","Nich2","Nich2","Nich2","Nich1","Nich2","Voll2","Neutr","Neutr","Neutr","Voll0","Nzutr","Zutre","Zutre","Zutre","Unsic","Zutre","Zutre","Nzutr","Nzutr","Unsic","Unsic","Zutre","Nzutr","Nzutr","Nzutr","Zutre","Zutre","Zutre","Nzutr","Nie","Nie","Selte","Selte","Gele","Nie","Sehrs","Nie","","","","","","","","","","","","","","","","","","","","","Nich0","Voll0","Nich0","Nich0","Immer","Immer","Nie0","Immer","","AO06","","Nein","","sehr interssant und wichtig","spannend aber auch etwas anstrengend",""
"66","2022-08-02 15:48:15","9","de","710305332","2022-08-02 15:30:33","2022-08-02 15:48:15","61","","","Y","ia","sc","02.05.","Vollz","Vollz","Vollz","Vollz","Eherz","Vollz","Ehern","Vollz","Vollz","Vollz","Vollz","Vollz","Vollz","Vollz","Vollz","Eherz","Vollz","Vollz","Vollz","Voll0","Voll0","Voll0","Voll0","Voll0","Voll0","Voll0","Voll0","Voll0","Voll0","Voll0","Voll0","Voll0","Voll0","Voll0","Voll0","Voll0","Nich0","Nich0","Nich0","Voll0","Voll0","Voll1","Nzutr","Zutre","Nzutr","Nzutr","Zutre","Zutre","Zutre","Zutre","Nzutr","Zutre","Zutre","Nzutr","Zutre","Zutre","Nzutr","Zutre","Zutre","Zutre","Nzutr","Gele","Selte","SeOft","Oft","Oft","Oft","SeOft","Oft","telefonieren ohne Freisprechen","zu schnell fahren","unaufmeksam","müde","","pünktlich sein","","","","","","","","","","","","","","","Nich1","Voll0","Nich1","Nich0","Immer","Immer","Nie0","Imme1","","StAuf","","Ja","nicht am Tablett","","",""
"67","2022-08-02 17:37:48","9","de","210747721","2022-08-02 17:20:14","2022-08-02 17:37:48","62","","Y","","PA","RO","09","Eherz","Eherz","Ehern","Ehern","Vollz","Eherz","Ehern","Eherz","Ehern","Vollz","Eherz","Ehern","Eherz","Ehern","KA","Eherz","Garni","Weder","Eherz","Voll2","Voll2","Nich2","Nich2","Voll2","Voll2","Voll2","Voll2","Nich2","Nich2","Nich2","Nich2","Voll2","Neutr","Voll2","Voll2","Nich2","Voll2","Voll2","Voll0","Nich2","Nich2","Nich0","Zutre","Nzutr","Zutre","Nzutr","Nzutr","Nzutr","Nzutr","Nzutr","Nzutr","Nzutr","Nzutr","Unsic","Unsic","Unsic","Nzutr","Zutre","Unsic","Nzutr","Nzutr","Nie","Nie","Nie","Gele","Gele","Nie","Gele","Nie","","","","","","","","","","","","","","","","","","","","","Nich0","Nich0","Nich0","Nich0","Nie0","Nie0","Nie0","Nie0","Hände immer am Lenkrad, keine Warnung erhalten","Unauf","","Ja","mehr auf die Straße geschaut, kaum gelesen ","","",""
"68","2022-08-02 19:23:46","9","de","708293020","2022-08-02 19:18:17","2022-08-02 19:23:46","63","Y","","","HA","SC","22","","","","","","","","","","","","","","","","","","","","","","","","","","","","","","","","","","","","","","","","","","","","","","","","","","","","","","","","","","","","","","","","","","","","","","","","","","","","Selte","SehrS","Nie","SehrS","Nie","Nie","Oft","Selte","","","","","","","","","","","","","","","","","1","Ja","Ich hätte nicht am Tablet gespielt.","","",""
"69","2022-08-03 13:27:42","9","de","592641443","2022-08-03 12:51:20","2022-08-03 13:27:42","64","","","Y","ES","AN","30","Weder","Eherz","Eherz","Eherz","Ehern","Weder","Garni","Eherz","Ehern","Eherz","Eherz","Eherz","Ehern","Weder","Vollz","Eherz","Ehern","Eherz","Eherz","Voll1","Voll1","Nich1","Voll2","Voll1","Voll1","Voll1","Voll2","Voll1","Voll2","Voll1","Nich1","Voll1","Voll1","Voll1","Voll1","Nich1","Nich2","Nich2","Voll2","Voll2","Voll1","Nich2","Nzutr","Zutre","Zutre","Nzutr","Nzutr","Zutre","Zutre","Nzutr","Nzutr","Nzutr","Nzutr","Zutre","Zutre","Zutre","Nzutr","Zutre","Zutre","Zutre","Nzutr","Oft","SeOft","SeOft","Oft","Oft","Selte","Oft","Gele","","","","","","","","","","","","","","","","","","","","","Nich2","Voll0","Voll1","Nich2","Imme1","Imme1","Nie2","Geleg","Waren häufig, aber auch notwendig für Sicherheit","AO02","","Ja","Wenn bekannt ist, dass Fehler passieren können durch das L2 System, würde ich stets aufmerksam sein und primär auf das Fahrgeschehen und nocht auf das Tablet achten","super Sache! Tolle Umsetzung!","",""
"70","2022-08-03 15:28:04","9","de","1384023656","2022-08-03 14:59:50","2022-08-03 15:28:04","66","","Y","","LA","LA","03","Eherz","Vollz","Ehern","Vollz","Weder","Eherz","Ehern","Weder","Eherz","Ehern","Vollz","Eherz","Ehern","Eherz","Vollz","Weder","Ehern","Eherz","Eherz","Voll0","Voll2","Voll2","Neutr","Voll1","Voll1","Voll0","Voll2","Nich2","Nich2","Voll2","Neutr","Voll2","Neutr","Voll1","Voll0","Voll1","Neutr","Voll2","Voll2","Nich2","Nich2","Nich0","Zutre","Zutre","Zutre","Nzutr","Zutre","Zutre","Zutre","Nzutr","Unsic","Unsic","Nzutr","Zutre","Zutre","Zutre","Nzutr","Zutre","Zutre","Zutre","Nzutr","Selte","Gele","SeOft","SeOft","SeOft","SeOft","Oft","SeOft","","","","","","","","","","","","","","","","","","","","","Nich0","Nich0","Nich0","Nich0","Nie0","Nie0","Nie0","Nie0","keine Warnungen bekommen","AO02","","Ja","Ich würde nicht so lang am Tablet oder mit einer Aktivität beschäftigt sein, bei der ich den Verkehr nicht beobachte. ","","",""
"71","2022-08-03 18:50:11","9","de","575043519","2022-08-03 18:36:21","2022-08-03 18:50:11","67","","","Y","IT","OR","29","Eherz","Eherz","Ehern","KA","Weder","Vollz","Garni","Eherz","Eherz","Ehern","Eherz","Eherz","Vollz","Eherz","Weder","Ehern","Garni","Eherz","Eherz","Voll0","Voll2","Voll1","Voll1","Voll1","Voll1","Voll2","Voll1","Neutr","Voll1","Voll1","Voll1","Voll1","Voll2","Voll1","Voll2","Neutr","Nich0","Nich0","Nich0","Voll2","Voll1","Voll2","Nzutr","Zutre","Zutre","Nzutr","Nzutr","Zutre","Zutre","Nzutr","Nzutr","Nzutr","Nzutr","Zutre","Zutre","Zutre","Nzutr","Zutre","Zutre","Nzutr","Nzutr","Gele","Gele","Oft","Gele","Oft","Nie","SeOft","Gele","","","","","","","","","","","","","","","","","","","","","Nich2","Voll1","Voll2","Nich2","Immer","Immer","Nie0","Imme1","","AO05","","Ja","Ich hätte weniger häufig auf das Tablett geschaut und die Aufgaben bearbeitet.","","",""
"72","2022-08-03 20:43:47","9","de","426992438","2022-08-03 20:32:16","2022-08-03 20:43:47","68","","Y","","Te","Ri","28","Eherz","Weder","Vollz","Eherz","Ehern","Eherz","Ehern","Vollz","Eherz","Ehern","Eherz","Eherz","Eherz","Eherz","Eherz","Ehern","Vollz","Eherz","Eherz","Voll1","Voll1","Voll1","Voll1","Voll1","Voll1","Voll1","Voll0","Neutr","Voll2","Voll1","Voll1","Voll1","Voll1","Voll0","Voll0","Voll0","Nich1","Neutr","Nich2","Voll1","Voll0","Nich0","Zutre","Zutre","Zutre","Nzutr","Zutre","Zutre","Zutre","Unsic","Nzutr","Nzutr","Unsic","Zutre","Zutre","Zutre","Nzutr","Unsic","Zutre","Zutre","Nzutr","Gele","Sehrs","Oft","SeOft","Oft","Gele","SeOft","Gele","","","","","","","","","","","","","","","","","","","","","Nich1","Voll0","Voll1","Nich1","Imme1","Imme1","Nie0","Immer","","AO06","","Ja","Weniger Beschäftigung mit dem Tablet da reale Gefahrensituationen reale Unfälle generieren können","","",""
"73","2022-08-04 10:59:53","9","de","2078258594","2022-08-04 10:44:15","2022-08-04 10:59:53","69","","Y","","EN","MO","07","Weder","Eherz","Vollz","Weder","Eherz","Ehern","Garni","Weder","Ehern","Weder","Eherz","Garni","Ehern","Ehern","Vollz","Garni","Vollz","Weder","Weder","Voll1","Nich0","Nich1","Voll2","Voll2","Voll2","Voll2","Voll2","Nich1","Voll2","Voll2","Nich1","Voll2","Neutr","Neutr","Neutr","Nich2","Voll2","Nich2","Voll1","Nich2","Nich0","Voll2","Zutre","Zutre","Nzutr","Nzutr","Nzutr","Zutre","Zutre","Zutre","Unsic","Unsic","Nzutr","Zutre","Zutre","Zutre","Nzutr","Zutre","Zutre","Zutre","Nzutr","Sehrs","Sehrs","Oft","SeOft","Oft","Sehrs","Gele","Nie","","","","","","","","","","","","","","","","","","","","gelesen","Nich0","Voll0","Voll0","Nich0","Immer","Immer","Nie0","Immer","","AO05","","Ja","Mehr Aufmerksamkeit für die Straße. In Studie fühlt man sich durch die Fragen und den Zeidruck gedrängt auf das Tablet zu schauen. Bei normaler Fahrt hat man diesen ""Zwang"" nicht.","","Höhere Auflösung der Projektion wäre nett",""
"74","2022-08-04 12:59:15","9","de","525846116","2022-08-04 12:38:44","2022-08-04 12:59:15","70","","Y","","ta","Wi","25.06.","Ehern","Ehern","Garni","Eherz","Vollz","Ehern","Eherz","Vollz","Ehern","Weder","Eherz","Weder","Eherz","Ehern","Vollz","Vollz","Garni","Ehern","Eherz","Voll0","Voll0","Voll1","Voll2","Voll2","Voll0","Voll1","Voll1","Voll1","Voll1","Voll1","Voll1","Voll1","Neutr","Voll1","Voll1","Voll1","Nich0","Nich2","Nich0","Voll1","Neutr","Nich0","Zutre","Zutre","Zutre","Nzutr","Nzutr","Zutre","Zutre","Nzutr","Nzutr","Nzutr","Nzutr","Zutre","Zutre","Zutre","Nzutr","Zutre","Zutre","Zutre","Nzutr","Nie","Nie","Sehrs","Nie","Nie","Nie","Sehrs","Nie","Augen schließen","","","","","","","","","","","","","","","","","","","","Nich0","Voll0","Neutr","Nich0","Immer","Immer","Nie0","Immer","Warnmeldungen hätten sehr viel früher einsetzen müssen.","AO03","","Nein","","","Es ist erschreckend, wie abgelenkt ich vom Tablet war.",""
"75","2022-08-04 14:39:17","9","de","486896149","2022-08-04 14:32:28","2022-08-04 14:39:17","71","Y","","","el","hu","17","","","","","","","","","","","","","","","","","","","","","","","","","","","","","","","","","","","","","","","","","","","","","","","","","","","","","","","","","","","","","","","","","","","","","","","","","","","","Nie","Nie","Selte","Oft","Selte","Nie","SehrS","SehrS","","","","","","","","","","","","","","","","","5","Ja","Mein Konzentration liegt zu 99% beim Fahren.","nein","","nein"
"76","2022-08-04 18:06:00","9","de","275859402","2022-08-04 17:51:30","2022-08-04 18:06:00","72","","","Y","UR","BE","01","Eherz","Weder","Garni","Eherz","Vollz","Eherz","Ehern","Vollz","Eherz","Ehern","Weder","Ehern","Vollz","Eherz","Weder","Ehern","Garni","Eherz","Eherz","Voll1","Nich0","Voll1","Nich1","Voll2","Nich1","Neutr","Voll2","Nich2","Neutr","Neutr","Voll2","Nich2","Nich2","Voll2","Neutr","Voll2","Neutr","Voll2","Voll1","Voll2","Voll1","Nich1","Nzutr","Zutre","Zutre","Unsic","Zutre","Zutre","Unsic","Nzutr","Nzutr","Nzutr","Unsic","Zutre","Zutre","Zutre","Nzutr","Unsic","Zutre","Zutre","Nzutr","Nie","Nie","Selte","Sehrs","Selte","Sehrs","Oft","Sehrs","","","","","","","","","","","","","","","","","","","","","Voll2","Voll0","Voll0","Nich2","Imme2","Nie1","Nie0","Imme1","","AO06","","Ja","Ich wäre aufmerksamer gewesen, hätte mehr auf den Straßenverkehr geachtet und schneller auf die Warnsignale reagiert.","","",""
"77","2022-08-04 19:44:40","9","de","1293263965","2022-08-04 19:28:10","2022-08-04 19:44:40","73","","","Y","DE","HE","06.03.1963","Eherz","Eherz","Garni","Vollz","Weder","Vollz","Garni","Vollz","Eherz","Weder","Eherz","Eherz","Eherz","Eherz","Ehern","Garni","Garni","KA","Eherz","Voll1","Voll1","Voll1","Voll1","Voll1","Voll0","Voll0","Voll1","Neutr","Voll2","Neutr","Voll2","Voll1","Neutr","Voll1","Voll1","Voll1","Nich1","Nich1","Neutr","Voll2","Voll2","Nich1","Nzutr","Unsic","Nzutr","Nzutr","Nzutr","Zutre","Nzutr","Nzutr","Nzutr","Nzutr","Nzutr","Zutre","Zutre","Zutre","Unsic","Zutre","Zutre","Zutre","Nzutr","Sehrs","Sehrs","Gele","Selte","Gele","Nie","Oft","Gele","","","","Bedienes des Handys zum Musik hören","","","","","","","","","","","","","","","","","Voll2","Neutr","Nich1","Voll2","Imme2","Immer","Nie1","Imme1","","AO04","","Nein","","","",""
"78","2022-08-04 22:07:19","9","de","805331231","2022-08-04 21:54:36","2022-08-04 22:07:19","74","","Y","","IN","KO","19","Eherz","Eherz","Vollz","Vollz","Weder","Eherz","Garni","Vollz","Eherz","Garni","Vollz","Eherz","Weder","Eherz","Weder","Ehern","Vollz","Eherz","Eherz","Voll0","Neutr","Voll2","Voll2","Voll1","Voll0","Voll0","Voll1","Neutr","Voll2","Voll2","Voll2","Voll1","Voll1","Voll0","Voll0","Voll0","Nich2","Neutr","Nich2","Voll2","Voll2","Voll2","Zutre","Zutre","Zutre","Nzutr","Zutre","Zutre","Zutre","Nzutr","Nzutr","Zutre","Nzutr","Zutre","Zutre","Zutre","Nzutr","Zutre","Zutre","Zutre","Nzutr","Gele","Oft","Oft","Oft","Gele","Sehrs","Selte","Sehrs","","","","","","","","","","","","","","","","","","","","","Nich0","Voll2","Nich1","Nich0","Immer","Immer","Nie0","Immer","","AO04","","Nein","","","",""
"79","2022-08-05 10:01:35","9","de","1187290086","2022-08-05 09:47:17","2022-08-05 10:01:35","75","","Y","","LE","CH","25","Ehern","Vollz","Ehern","Vollz","Vollz","Vollz","Garni","Weder","Eherz","Ehern","Eherz","Vollz","Ehern","Eherz","Vollz","Ehern","Garni","Weder","Eherz","Voll0","Voll0","Voll1","Voll1","Voll1","Voll0","Voll1","Voll0","Voll0","Voll1","Voll1","Voll1","Voll0","Neutr","Voll0","Voll2","Voll0","Voll0","Voll2","Voll1","Voll1","Voll0","Nich2","Zutre","Zutre","Zutre","Nzutr","Nzutr","Zutre","Zutre","Nzutr","Nzutr","Nzutr","Nzutr","Zutre","Zutre","Zutre","Nzutr","Zutre","Zutre","Zutre","Nzutr","Selte","Gele","Oft","Oft","Oft","Sehrs","SeOft","Selte","","","","","","","","","","","","","","","","","","","","","Nich0","Voll1","Voll2","Nich1","Imme1","Immer","Nie0","Immer","","AO03","","Nein","","","",""
"80","2022-08-05 11:36:29","9","de","281385001","2022-08-05 11:26:25","2022-08-05 11:36:29","76","","Y","","NA","KA","18","Eherz","Eherz","Vollz","Vollz","Vollz","Eherz","Weder","Eherz","Eherz","Weder","Ehern","Eherz","Weder","Eherz","Eherz","Weder","Vollz","Eherz","Eherz","Voll1","Neutr","Voll2","Voll2","Voll1","Voll0","Voll0","Voll1","Nich1","Neutr","Neutr","Voll2","Voll1","Voll1","Neutr","Neutr","Voll2","Nich1","Neutr","Nich2","Voll1","Voll1","Nich1","Zutre","Zutre","Zutre","Nzutr","Nzutr","Zutre","Zutre","Nzutr","Nzutr","Nzutr","Nzutr","Nzutr","Zutre","Zutre","Nzutr","Zutre","Zutre","Zutre","Nzutr","Selte","Nie","Oft","Oft","Gele","Nie","Gele","Selte","","","","","","","","","","","","","","","","","","","","","Nich1","Voll0","Nich2","Nich0","Nie1","Nie2","Nie0","Nie0","Nach Auftreten der Warnmeldung musste man sich zunächst kurz die Situation erkennen","AO02","","Ja","Ich hätte mich nicht so lange/intensiv mit der fahrfremden Tätigkeit beschäftigt","","",""
"81","2022-08-05 13:48:55","9","de","898288514","2022-08-05 13:36:20","2022-08-05 13:48:55","77","","","Y","RA","AM","04","Eherz","Vollz","Eherz","Vollz","Garni","Eherz","Garni","Vollz","Eherz","Weder","Vollz","Eherz","Weder","Eherz","Eherz","Garni","Vollz","Vollz","Vollz","Voll0","Neutr","Neutr","Voll1","Voll0","Voll0","Voll0","Voll0","Neutr","Voll2","Voll1","Voll0","Voll0","Voll0","Voll0","Voll0","Voll0","Nich1","Nich1","Nich0","Voll0","Voll0","Voll0","Nzutr","Zutre","Zutre","Nzutr","Nzutr","Zutre","Zutre","Unsic","Nzutr","Nzutr","Nzutr","Zutre","Zutre","Zutre","Nzutr","Zutre","Zutre","Zutre","Nzutr","Gele","SeOft","SeOft","SeOft","SeOft","Nie","SeOft","Oft","","","","","","","","","","","","","","","","","","","","","Neutr","Voll0","Voll0","Nich1","Immer","Immer","Nie0","Immer","","AO05","","Ja","Ich hätte deutlich weniger auf das Tablet geschaut, wenn das Ziel nicht so viele Fragen wie möglich gewesen wären","","",""
"82","2022-08-05 15:47:28","9","de","509666790","2022-08-05 15:36:01","2022-08-05 15:47:28","78","","Y","","la","Mi","25","Eherz","Vollz","Vollz","Eherz","Eherz","Eherz","Eherz","Eherz","Weder","Weder","Vollz","Weder","Eherz","Weder","Vollz","Vollz","Vollz","Weder","Weder","Voll2","Nich0","Neutr","Neutr","Voll0","Voll0","Voll0","Voll1","Nich2","Neutr","Neutr","Voll2","Voll0","Voll0","Voll0","Voll0","Voll0","Neutr","Voll0","Voll0","Voll2","Voll1","Voll1","Zutre","Zutre","Zutre","Nzutr","Nzutr","Zutre","Zutre","Nzutr","Nzutr","Nzutr","Zutre","Zutre","Zutre","Zutre","Nzutr","Nzutr","Zutre","Zutre","Nzutr","Nie","Nie","Nie","Gele","Nie","Nie","Oft","Sehrs","","","","","","","","","","","","","","","","","","","","","Neutr","Neutr","Nich0","Nich0","Immer","Nie2","Nie0","Immer","","AO04","","Nein","","","",""
"83","2022-08-05 17:43:28","9","de","997575377","2022-08-05 17:28:03","2022-08-05 17:43:28","79","","Y","","IA","SC","10","Eherz","Vollz","Eherz","Vollz","Ehern","Eherz","Ehern","Vollz","Vollz","Ehern","Vollz","Vollz","Eherz","Vollz","Eherz","Ehern","Eherz","Eherz","Vollz","Voll0","Voll2","Voll1","Voll0","Voll0","Voll0","Voll0","Voll0","Voll0","Voll0","Voll0","Voll0","Voll0","Voll1","Voll0","Voll0","Voll0","Nich1","Voll2","Voll2","Voll0","Voll1","Nich1","Zutre","Zutre","Zutre","Nzutr","Nzutr","Zutre","Zutre","Nzutr","Nzutr","Nzutr","Nzutr","Nzutr","Zutre","Zutre","Nzutr","Zutre","Zutre","Zutre","Nzutr","Gele","Sehrs","Gele","Gele","SeOft","Nie","Oft","Oft","","","","","","","","","","","","","","","","","","","","","Nich0","Voll0","Neutr","Nich0","Imme1","Imme1","Nie0","Immer","","AO06","","Nein","","","",""

